Order_ID,Order_Date,Product_ID,Product_Name,Category,Supplier_ID,Supplier_Name,Supplier_City,Warehouse_ID,Warehouse_Name,Warehouse_Region,Customer_Region,Quantity_Ordered,Unit_Cost,Unit_Price,Shipping_Mode,Lead_Time_Days,Order_Status,Delivery_Date,Delay_Days,Discount_Percent,Total_Cost,Total_Revenue,Profit,Current_Stock_Level,Reorder_Level
ORD1001,2025-02-27,PRD-ELE-131,Power Bank,Electronics,SUP002,Reliable Distributors,Mumbai,WH-W1,Mumbai Warehouse,West,North,351,3716.31,5185.79,Rail,6,Delivered,2025-03-05,0,0,1304424.81,1820212.29,515787.48,111,31
ORD1002,2025-04-30,PRD-PHA-103,Face Mask Box,Pharma,SUP005,Prime Vendors Pvt Ltd,Ahmedabad,WH-W1,Mumbai Warehouse,West,Central,219,1141.18,1614.96,Air,3,Delivered,2025-05-04,1,0,249918.42,353676.24,103757.82,174,74
ORD1003,2025-05-23,PRD-GRO-197,Sunflower Oil 1L,Grocery,SUP003,Global Sourcing Co,Chennai,WH-N1,Delhi Warehouse,North,North,199,528.75,809.71,Rail,5,Delivered,2025-05-28,0,15,105221.25,136962.45,31741.2,274,78
ORD1004,2025-03-05,PRD-FUR-170,Office Chair,Furniture,SUP003,Global Sourcing Co,Chennai,WH-N2,Jaipur Warehouse,North,East,300,1001.83,1183.46,Rail,9,Delayed,2025-03-17,3,0,300549.0,355038.0,54489.0,194,32
ORD1005,2025-05-23,PRD-FUR-146,Wardrobe,Furniture,SUP002,Reliable Distributors,Mumbai,WH-S1,Chennai Warehouse,South,East,112,3367.37,4935.96,Rail,7,Delivered,2025-05-30,0,10,377145.44,497544.77,120399.33,273,41
ORD1006,2025-05-06,PRD-GRO-148,Green Tea 100pk,Grocery,SUP003,Global Sourcing Co,Chennai,WH-N2,Jaipur Warehouse,North,South,355,1655.2,2475.75,Road,5,Delivered,2025-05-11,0,0,587596.0,878891.25,291295.25,137,71
ORD1007,2025-02-03,PRD-GRO-191,Sugar 1kg,Grocery,SUP003,Global Sourcing Co,Chennai,WH-W1,Mumbai Warehouse,West,West,207,4429.18,6374.84,Road,3,Delivered,2025-02-06,0,0,916840.26,1319591.88,402751.62,275,91
ORD1008,2025-05-15,PRD-PHA-174,First Aid Kit,Pharma,SUP004,Northline Supplies,Ludhiana,WH-S1,Chennai Warehouse,South,South,75,2572.16,3063.21,Road,1,Delivered,2025-05-16,0,0,192912.0,229740.75,36828.75,81,100
ORD1009,2025-08-05,PRD-PHA-149,Paracetamol Strip,Pharma,SUP004,Northline Supplies,Ludhiana,WH-N2,Jaipur Warehouse,North,West,275,1294.5,1810.94,Sea,10,Delivered,2025-08-15,0,15,355987.5,423307.23,67319.73,384,88
ORD1010,2025-05-17,PRD-APP-137,Cotton T-Shirt,Apparel,SUP004,Northline Supplies,Ludhiana,WH-W1,Mumbai Warehouse,West,West,6,4771.39,7367.66,Road,4,Delivered,2025-05-21,0,10,28628.34,39785.36,11157.02,320,33
ORD1011,2025-06-02,PRD-PHA-125,Face Mask Box,Pharma,SUP002,Reliable Distributors,Mumbai,WH-S1,Chennai Warehouse,South,South,281,4769.82,7465.22,Sea,9,Delayed,2025-06-20,9,0,1340319.42,2097726.82,757407.4,185,34
ORD1012,2025-06-07,PRD-GRO-130,Basmati Rice 5kg,Grocery,SUP005,Prime Vendors Pvt Ltd,Ahmedabad,WH-N1,Delhi Warehouse,North,North,379,2455.65,2900.48,Air,4,Delivered,2025-06-11,0,0,930691.35,1099281.92,168590.57,281,80
ORD1013,2025-03-26,PRD-APP-177,Winter Jacket,Apparel,SUP004,Northline Supplies,Ludhiana,WH-W1,Mumbai Warehouse,West,Central,391,3663.16,4544.22,Road,4,Delayed,2025-04-08,9,10,1432295.56,1599111.02,166815.46,61,77
ORD1014,2025-05-07,PRD-GRO-143,Basmati Rice 5kg,Grocery,SUP001,Sharma Traders,Delhi,WH-N2,Jaipur Warehouse,North,Central,122,2962.78,3416.78,Air,1,Delivered,2025-05-08,0,0,361459.16,416847.16,55388.0,16,28
ORD1015,2025-06-19,PRD-ELE-135,USB-C Cable,Electronics,SUP006,EastWest Traders,Kolkata,WH-E1,Kolkata Warehouse,East,South,281,704.94,1107.45,Rail,6,In Transit,2025-06-25,0,0,198088.14,311193.45,113105.31,208,80
ORD1016,2025-04-08,PRD-ELE-184,Bluetooth Speaker,Electronics,SUP004,Northline Supplies,Ludhiana,WH-S1,Chennai Warehouse,South,West,215,2361.77,3490.89,Rail,3,Delivered,2025-04-11,0,0,507780.55,750541.35,242760.8,372,71
ORD1017,2025-06-23,PRD-ELE-124,USB-C Cable,Electronics,SUP002,Reliable Distributors,Mumbai,WH-N2,Jaipur Warehouse,North,West,76,2138.31,2727.08,Road,2,Delivered,2025-06-25,0,5,162511.56,196895.18,34383.62,50,90
ORD1018,2025-01-26,PRD-PHA-111,Paracetamol Strip,Pharma,SUP002,Reliable Distributors,Mumbai,WH-W1,Mumbai Warehouse,West,West,253,2432.72,3744.18,Sea,10,Delivered,2025-02-06,1,5,615478.16,899913.66,284435.5,199,20
ORD1019,2025-05-16,PRD-FUR-154,Bookshelf,Furniture,SUP006,EastWest Traders,Kolkata,WH-N2,Jaipur Warehouse,North,West,84,989.99,1235.47,Road,3,Delivered,2025-05-19,0,15,83159.16,88212.56,5053.4,29,60
ORD1020,2025-01-26,PRD-PHA-164,First Aid Kit,Pharma,SUP005,Prime Vendors Pvt Ltd,Ahmedabad,WH-W1,Mumbai Warehouse,West,North,496,2563.75,3930.5,Road,5,Delivered,2025-01-31,0,15,1271620.0,1657098.8,385478.8,206,50
ORD1021,2025-03-03,PRD-PHA-174,Hand Sanitizer 500ml,Pharma,SUP005,Prime Vendors Pvt Ltd,Ahmedabad,WH-N1,Delhi Warehouse,North,Central,46,2125.16,3002.11,Rail,6,Delayed,2025-03-14,5,15,97757.36,117382.5,19625.14,122,60
ORD1022,2025-05-16,PRD-FUR-185,Study Table,Furniture,SUP006,EastWest Traders,Kolkata,WH-S1,Chennai Warehouse,South,West,166,4648.64,7303.39,Road,1,Delivered,2025-05-17,0,0,771674.24,1212362.74,440688.5,109,88
ORD1023,2025-09-17,PRD-APP-144,Denim Jeans,Apparel,SUP001,Sharma Traders,Delhi,WH-W1,Mumbai Warehouse,West,East,150,830.85,1267.2,Air,2,Delivered,2025-09-19,0,15,124627.5,161568.0,36940.5,153,90
ORD1024,2025-02-23,PRD-GRO-114,Wheat Flour 10kg,Grocery,SUP001,Sharma Traders,Delhi,WH-N2,Jaipur Warehouse,North,South,144,1444.69,1798.33,Road,4,Delayed,2025-03-09,10,5,208035.36,246011.54,37976.18,26,52
ORD1025,2025-02-17,PRD-FUR-105,Bookshelf,Furniture,SUP001,Sharma Traders,Delhi,WH-S1,Chennai Warehouse,South,South,331,4900.0,5991.29,Road,3,Cancelled,,0,10,1621900.0,0.0,-162190.0,57,21
ORD1026,2025-02-08,PRD-GRO-104,Sugar 1kg,Grocery,SUP003,Global Sourcing Co,Chennai,WH-N2,Jaipur Warehouse,North,Central,80,2177.44,2545.04,Road,3,Delivered,2025-02-11,0,0,174195.2,203603.2,29408.0,349,46
ORD1027,2025-05-08,PRD-ELE-199,Smartwatch,Electronics,SUP005,Prime Vendors Pvt Ltd,Ahmedabad,WH-E1,Kolkata Warehouse,East,Central,388,815.04,1278.35,Sea,10,Delivered,2025-05-18,0,5,316235.52,471199.81,154964.29,91,23
ORD1028,2025-06-20,PRD-FUR-194,Wardrobe,Furniture,SUP002,Reliable Distributors,Mumbai,WH-S1,Chennai Warehouse,South,South,408,3521.33,4655.7,Road,6,In Transit,2025-06-26,0,0,1436702.64,1899525.6,462822.96,235,45
ORD1029,2025-06-29,PRD-APP-128,Denim Jeans,Apparel,SUP001,Sharma Traders,Delhi,WH-W1,Mumbai Warehouse,West,West,173,1429.09,1688.1,Air,2,Delayed,2025-07-11,10,5,247232.57,277439.23,30206.66,169,88
ORD1030,2025-01-15,PRD-ELE-122,Power Bank,Electronics,SUP005,Prime Vendors Pvt Ltd,Ahmedabad,WH-S1,Chennai Warehouse,South,North,60,3003.03,3920.63,Air,1,Cancelled,,0,10,180181.8,0.0,-18018.18,59,85
ORD1031,2025-07-17,PRD-PHA-132,Hand Sanitizer 500ml,Pharma,SUP001,Sharma Traders,Delhi,WH-E1,Kolkata Warehouse,East,North,271,4631.6,6448.59,Air,2,Delivered,2025-07-19,0,0,1255163.6,1747567.89,492404.29,35,75
ORD1032,2025-06-19,PRD-PHA-184,Vitamin C Tablets,Pharma,SUP001,Sharma Traders,Delhi,WH-S1,Chennai Warehouse,South,Central,163,3351.12,4345.67,Rail,4,Delivered,2025-06-23,0,0,546232.56,708344.21,162111.65,340,73
ORD1033,2025-07-14,PRD-GRO-172,Sugar 1kg,Grocery,SUP003,Global Sourcing Co,Chennai,WH-E1,Kolkata Warehouse,East,Central,431,52.01,66.53,Road,6,Delayed,2025-07-29,9,5,22416.31,27240.71,4824.4,345,76
ORD1034,2025-04-20,PRD-PHA-194,First Aid Kit,Pharma,SUP002,Reliable Distributors,Mumbai,WH-N1,Delhi Warehouse,North,East,268,3336.08,4766.15,Road,5,Delivered,2025-04-25,0,15,894069.44,1085728.97,191659.53,115,59
ORD1035,2025-04-12,PRD-GRO-105,Basmati Rice 5kg,Grocery,SUP002,Reliable Distributors,Mumbai,WH-E1,Kolkata Warehouse,East,Central,440,3854.02,5221.96,Sea,11,Delivered,2025-04-23,0,15,1695768.8,1953013.04,257244.24,253,69
ORD1036,2025-07-24,PRD-GRO-183,Sunflower Oil 1L,Grocery,SUP006,EastWest Traders,Kolkata,WH-N1,Delhi Warehouse,North,North,403,2154.47,2648.16,Sea,13,In Transit,2025-08-06,0,0,868251.41,1067208.48,198957.07,127,91
ORD1037,2025-03-04,PRD-FUR-159,Study Table,Furniture,SUP006,EastWest Traders,Kolkata,WH-N2,Jaipur Warehouse,North,Central,309,1620.62,2414.5,Road,3,Cancelled,,0,10,500771.58,0.0,-50077.16,81,77
ORD1038,2025-09-01,PRD-FUR-196,Bookshelf,Furniture,SUP002,Reliable Distributors,Mumbai,WH-S1,Chennai Warehouse,South,Central,253,3152.4,4014.8,Road,3,Delayed,2025-09-09,5,0,797557.2,1015744.4,218187.2,163,62
ORD1039,2025-10-04,PRD-ELE-119,LED Monitor,Electronics,SUP002,Reliable Distributors,Mumbai,WH-E1,Kolkata Warehouse,East,South,366,1109.07,1482.48,Road,1,In Transit,2025-10-05,0,5,405919.62,515458.3,109538.68,105,27
ORD1040,2025-08-04,PRD-FUR-189,Sofa Set,Furniture,SUP001,Sharma Traders,Delhi,WH-N2,Jaipur Warehouse,North,West,249,79.19,103.6,Air,1,Cancelled,,0,10,19718.31,0.0,-1971.83,308,89
ORD1041,2025-04-23,PRD-FUR-134,Study Table,Furniture,SUP004,Northline Supplies,Ludhiana,WH-E1,Kolkata Warehouse,East,North,204,1713.84,2494.69,Road,5,Delivered,2025-04-29,1,5,349623.36,483470.92,133847.56,318,36
ORD1042,2025-10-01,PRD-ELE-175,Laptop Stand,Electronics,SUP005,Prime Vendors Pvt Ltd,Ahmedabad,WH-N1,Delhi Warehouse,North,North,334,2171.63,3344.49,Road,3,Delayed,2025-10-12,8,0,725324.42,1117059.66,391735.24,232,47
ORD1043,2025-06-17,PRD-APP-135,Running Shoes,Apparel,SUP004,Northline Supplies,Ludhiana,WH-S1,Chennai Warehouse,South,North,245,145.95,203.27,Sea,14,Delayed,2025-07-06,5,15,35757.75,42330.98,6573.23,399,28
ORD1044,2025-01-21,PRD-ELE-125,USB-C Cable,Electronics,SUP001,Sharma Traders,Delhi,WH-N2,Jaipur Warehouse,North,South,127,674.79,979.29,Rail,6,Delivered,2025-01-27,0,5,85698.33,118151.34,32453.01,392,52
ORD1045,2025-07-08,PRD-GRO-177,Sugar 1kg,Grocery,SUP006,EastWest Traders,Kolkata,WH-N1,Delhi Warehouse,North,South,498,1589.64,2242.04,Sea,12,Cancelled,,0,5,791640.72,0.0,-79164.07,38,45
ORD1046,2025-05-05,PRD-ELE-187,Power Bank,Electronics,SUP005,Prime Vendors Pvt Ltd,Ahmedabad,WH-N1,Delhi Warehouse,North,Central,405,253.29,352.01,Rail,9,Delivered,2025-05-14,0,10,102582.45,128307.64,25725.19,6,63
ORD1047,2025-08-04,PRD-FUR-155,Office Chair,Furniture,SUP003,Global Sourcing Co,Chennai,WH-E1,Kolkata Warehouse,East,South,227,921.88,1276.61,Rail,9,In Transit,2025-08-13,0,5,209266.76,275300.95,66034.19,374,75
ORD1048,2025-05-18,PRD-APP-111,Denim Jeans,Apparel,SUP003,Global Sourcing Co,Chennai,WH-E1,Kolkata Warehouse,East,South,389,2350.31,3348.37,Road,1,Delivered,2025-05-19,0,5,914270.59,1237390.13,323119.54,93,61
ORD1049,2025-09-07,PRD-GRO-133,Wheat Flour 10kg,Grocery,SUP003,Global Sourcing Co,Chennai,WH-S1,Chennai Warehouse,South,Central,364,4406.53,6169.61,Rail,6,Delivered,2025-09-13,0,0,1603976.92,2245738.04,641761.12,368,50
ORD1050,2025-07-28,PRD-FUR-197,Sofa Set,Furniture,SUP002,Reliable Distributors,Mumbai,WH-E1,Kolkata Warehouse,East,West,234,3975.02,4737.72,Road,4,Delivered,2025-08-01,0,0,930154.68,1108626.48,178471.8,188,94
ORD1051,2025-08-31,PRD-PHA-144,Face Mask Box,Pharma,SUP004,Northline Supplies,Ludhiana,WH-N2,Jaipur Warehouse,North,East,185,3529.13,4488.74,Road,3,Delivered,2025-09-03,0,15,652889.05,705854.36,52965.31,161,44
ORD1052,2025-03-03,PRD-PHA-124,Hand Sanitizer 500ml,Pharma,SUP002,Reliable Distributors,Mumbai,WH-E1,Kolkata Warehouse,East,East,375,2968.46,4429.22,Rail,8,Delivered,2025-03-11,0,0,1113172.5,1660957.5,547785.0,116,57
ORD1053,2025-07-04,PRD-GRO-101,Wheat Flour 10kg,Grocery,SUP006,EastWest Traders,Kolkata,WH-N2,Jaipur Warehouse,North,South,145,275.3,323.35,Road,2,Delivered,2025-07-06,0,15,39918.5,39852.89,-65.61,52,82
ORD1054,2025-01-07,PRD-PHA-160,Vitamin C Tablets,Pharma,SUP004,Northline Supplies,Ludhiana,WH-E1,Kolkata Warehouse,East,East,99,4829.21,6102.26,Sea,13,Delivered,2025-01-20,0,0,478091.79,604123.74,126031.95,251,71
ORD1055,2025-02-07,PRD-PHA-119,Paracetamol Strip,Pharma,SUP002,Reliable Distributors,Mumbai,WH-N2,Jaipur Warehouse,North,East,48,4969.89,5980.28,Air,1,Delivered,2025-02-08,0,10,238554.72,258348.1,19793.38,230,68
ORD1056,2025-08-15,PRD-APP-154,Winter Jacket,Apparel,SUP003,Global Sourcing Co,Chennai,WH-N2,Jaipur Warehouse,North,Central,35,3067.67,4549.48,Sea,12,Delivered,2025-08-27,0,15,107368.45,135347.03,27978.58,135,47
ORD1057,2025-02-11,PRD-GRO-122,Sunflower Oil 1L,Grocery,SUP005,Prime Vendors Pvt Ltd,Ahmedabad,WH-N1,Delhi Warehouse,North,South,6,2072.16,3025.8,Road,2,Delivered,2025-02-13,0,0,12432.96,18154.8,5721.84,361,56
ORD1058,2025-05-25,PRD-FUR-187,Office Chair,Furniture,SUP002,Reliable Distributors,Mumbai,WH-S1,Chennai Warehouse,South,Central,343,4029.33,4992.42,Road,3,Delivered,2025-05-28,0,15,1382060.19,1455540.05,73479.86,136,39
ORD1059,2025-03-14,PRD-ELE-121,Wireless Mouse,Electronics,SUP003,Global Sourcing Co,Chennai,WH-N2,Jaipur Warehouse,North,Central,476,1478.62,1783.16,Rail,6,Cancelled,,0,0,703823.12,0.0,-70382.31,276,84
ORD1060,2025-09-10,PRD-FUR-176,Office Chair,Furniture,SUP001,Sharma Traders,Delhi,WH-E1,Kolkata Warehouse,East,East,314,1289.32,1535.71,Sea,12,Delivered,2025-09-22,0,15,404846.48,409881.0,5034.52,295,54
ORD1061,2025-01-21,PRD-GRO-166,Green Tea 100pk,Grocery,SUP006,EastWest Traders,Kolkata,WH-E1,Kolkata Warehouse,East,East,97,4984.88,6710.39,Air,1,Delivered,2025-01-22,0,5,483533.36,618362.44,134829.08,209,64
ORD1062,2025-06-20,PRD-APP-113,Woolen Socks,Apparel,SUP002,Reliable Distributors,Mumbai,WH-S1,Chennai Warehouse,South,West,360,2502.57,3624.13,Road,3,Delivered,2025-06-23,0,5,900925.2,1239452.46,338527.26,161,31
ORD1063,2025-05-10,PRD-APP-198,Cotton T-Shirt,Apparel,SUP004,Northline Supplies,Ludhiana,WH-N2,Jaipur Warehouse,North,North,341,4353.37,5911.39,Road,2,Delayed,2025-05-21,9,15,1484499.17,1713416.39,228917.22,389,76
ORD1064,2025-01-27,PRD-GRO-170,Wheat Flour 10kg,Grocery,SUP002,Reliable Distributors,Mumbai,WH-S1,Chennai Warehouse,South,West,455,3506.34,4223.88,Sea,11,Delivered,2025-02-07,0,15,1595384.7,1633585.59,38200.89,159,40
ORD1065,2025-10-10,PRD-ELE-111,Laptop Stand,Electronics,SUP002,Reliable Distributors,Mumbai,WH-N1,Delhi Warehouse,North,West,489,631.46,962.64,Road,7,Delayed,2025-10-27,10,15,308783.94,400121.32,91337.38,212,54
ORD1066,2025-09-05,PRD-FUR-158,Study Table,Furniture,SUP005,Prime Vendors Pvt Ltd,Ahmedabad,WH-W1,Mumbai Warehouse,West,West,102,4613.25,6360.33,Sea,12,Delivered,2025-09-17,0,0,470551.5,648753.66,178202.16,174,73
ORD1067,2025-09-17,PRD-APP-136,Cotton T-Shirt,Apparel,SUP006,EastWest Traders,Kolkata,WH-S1,Chennai Warehouse,South,Central,301,4994.57,6844.25,Road,3,In Transit,2025-09-20,0,0,1503365.57,2060119.25,556753.68,282,62
ORD1068,2025-10-06,PRD-FUR-141,Bed Frame,Furniture,SUP002,Reliable Distributors,Mumbai,WH-W1,Mumbai Warehouse,West,Central,201,1206.13,1807.98,Road,1,In Transit,2025-10-07,0,15,242432.13,308893.38,66461.25,197,68
ORD1069,2025-03-19,PRD-FUR-116,Office Chair,Furniture,SUP005,Prime Vendors Pvt Ltd,Ahmedabad,WH-N2,Jaipur Warehouse,North,East,450,546.8,836.75,Road,3,In Transit,2025-03-22,0,0,246060.0,376537.5,130477.5,209,38
ORD1070,2025-03-21,PRD-ELE-133,Webcam,Electronics,SUP003,Global Sourcing Co,Chennai,WH-N2,Jaipur Warehouse,North,West,337,447.56,580.87,Rail,6,Cancelled,,0,0,150827.72,0.0,-15082.77,367,100
ORD1071,2025-09-07,PRD-PHA-179,Paracetamol Strip,Pharma,SUP001,Sharma Traders,Delhi,WH-W1,Mumbai Warehouse,West,East,121,3746.49,5040.1,Road,8,Delivered,2025-09-15,0,5,453325.29,579359.5,126034.21,355,41
ORD1072,2025-06-03,PRD-ELE-141,Wireless Mouse,Electronics,SUP001,Sharma Traders,Delhi,WH-S1,Chennai Warehouse,South,East,196,2181.9,2748.95,Road,4,Delivered,2025-06-07,0,0,427652.4,538794.2,111141.8,40,42
ORD1073,2025-07-15,PRD-PHA-163,Hand Sanitizer 500ml,Pharma,SUP005,Prime Vendors Pvt Ltd,Ahmedabad,WH-W1,Mumbai Warehouse,West,South,241,3207.63,4352.13,Rail,3,In Transit,2025-07-18,0,0,773038.83,1048863.33,275824.5,80,89
ORD1074,2025-02-07,PRD-FUR-175,Bookshelf,Furniture,SUP003,Global Sourcing Co,Chennai,WH-E1,Kolkata Warehouse,East,East,238,4234.25,5248.98,Road,6,In Transit,2025-02-13,0,0,1007751.5,1249257.24,241505.74,195,50
ORD1075,2025-10-20,PRD-APP-137,Winter Jacket,Apparel,SUP006,EastWest Traders,Kolkata,WH-S1,Chennai Warehouse,South,North,429,3308.24,4213.1,Rail,7,Delivered,2025-10-27,0,10,1419234.96,1626677.91,207442.95,146,83
ORD1076,2025-04-28,PRD-PHA-128,Vitamin C Tablets,Pharma,SUP006,EastWest Traders,Kolkata,WH-W1,Mumbai Warehouse,West,Central,133,3404.93,5020.29,Rail,4,Delivered,2025-05-03,1,15,452855.69,567543.78,114688.09,321,32
ORD1077,2025-01-21,PRD-APP-104,Running Shoes,Apparel,SUP005,Prime Vendors Pvt Ltd,Ahmedabad,WH-S1,Chennai Warehouse,South,South,51,4552.66,5904.91,Road,1,Delivered,2025-01-22,0,0,232185.66,301150.41,68964.75,187,89
ORD1078,2025-09-29,PRD-PHA-121,Vitamin C Tablets,Pharma,SUP003,Global Sourcing Co,Chennai,WH-E1,Kolkata Warehouse,East,East,387,4358.46,6589.58,Road,8,Delivered,2025-10-07,0,0,1686724.02,2550167.46,863443.44,346,48
ORD1079,2025-07-23,PRD-PHA-111,Vitamin C Tablets,Pharma,SUP004,Northline Supplies,Ludhiana,WH-N1,Delhi Warehouse,North,East,279,661.76,870.79,Air,1,Delayed,2025-08-01,8,15,184631.04,206507.85,21876.81,55,67
ORD1080,2025-04-30,PRD-FUR-179,Office Chair,Furniture,SUP005,Prime Vendors Pvt Ltd,Ahmedabad,WH-S1,Chennai Warehouse,South,Central,118,3255.88,4675.22,Road,4,Delayed,2025-05-12,8,0,384193.84,551675.96,167482.12,23,37
ORD1081,2025-01-20,PRD-APP-114,Running Shoes,Apparel,SUP001,Sharma Traders,Delhi,WH-W1,Mumbai Warehouse,West,Central,74,1973.8,2599.41,Sea,10,Cancelled,,0,10,146061.2,0.0,-14606.12,212,39
ORD1082,2025-02-20,PRD-FUR-152,Sofa Set,Furniture,SUP003,Global Sourcing Co,Chennai,WH-N1,Delhi Warehouse,North,East,116,2244.75,3541.65,Sea,8,Delivered,2025-02-28,0,15,260391.0,349206.69,88815.69,278,67
ORD1083,2025-07-03,PRD-ELE-135,Laptop Stand,Electronics,SUP002,Reliable Distributors,Mumbai,WH-N1,Delhi Warehouse,North,West,51,3330.71,4792.12,Rail,3,Delivered,2025-07-06,0,0,169866.21,244398.12,74531.91,124,62
ORD1084,2025-03-06,PRD-PHA-108,Hand Sanitizer 500ml,Pharma,SUP005,Prime Vendors Pvt Ltd,Ahmedabad,WH-W1,Mumbai Warehouse,West,Central,115,4074.61,5113.02,Air,1,Delivered,2025-03-08,1,0,468580.15,587997.3,119417.15,66,38
ORD1085,2025-10-04,PRD-APP-114,Denim Jeans,Apparel,SUP006,EastWest Traders,Kolkata,WH-N1,Delhi Warehouse,North,South,12,1823.3,2743.69,Rail,4,Delivered,2025-10-08,0,0,21879.6,32924.28,11044.68,26,53
ORD1086,2025-03-06,PRD-FUR-114,Sofa Set,Furniture,SUP006,EastWest Traders,Kolkata,WH-N1,Delhi Warehouse,North,West,234,3901.18,5387.36,Road,5,Delivered,2025-03-11,0,10,912876.12,1134578.02,221701.9,372,25
ORD1087,2025-09-24,PRD-APP-182,Running Shoes,Apparel,SUP001,Sharma Traders,Delhi,WH-N1,Delhi Warehouse,North,West,438,2038.01,2972.93,Road,4,In Transit,2025-09-28,0,0,892648.38,1302143.34,409494.96,164,30
ORD1088,2025-03-17,PRD-ELE-135,LED Monitor,Electronics,SUP005,Prime Vendors Pvt Ltd,Ahmedabad,WH-N2,Jaipur Warehouse,North,Central,369,1659.67,2651.46,Rail,8,In Transit,2025-03-25,0,10,612418.23,880549.87,268131.64,220,97
ORD1089,2025-02-20,PRD-ELE-155,USB-C Cable,Electronics,SUP004,Northline Supplies,Ludhiana,WH-W1,Mumbai Warehouse,West,West,178,4145.73,5511.45,Air,1,Delayed,2025-03-01,8,0,737939.94,981038.1,243098.16,191,52
ORD1090,2025-03-20,PRD-FUR-111,Office Chair,Furniture,SUP001,Sharma Traders,Delhi,WH-N1,Delhi Warehouse,North,West,54,3735.72,4922.52,Road,4,Delivered,2025-03-24,0,10,201728.88,239234.47,37505.59,287,91
ORD1091,2025-06-18,PRD-ELE-145,Laptop Stand,Electronics,SUP006,EastWest Traders,Kolkata,WH-E1,Kolkata Warehouse,East,North,500,1473.77,1902.05,Road,5,Delivered,2025-06-23,0,0,736885.0,951025.0,214140.0,114,81
ORD1092,2025-02-25,PRD-APP-147,Winter Jacket,Apparel,SUP001,Sharma Traders,Delhi,WH-S1,Chennai Warehouse,South,Central,120,4045.75,6191.29,Sea,9,Delivered,2025-03-06,0,10,485490.0,668659.32,183169.32,14,54
ORD1093,2025-04-03,PRD-APP-197,Woolen Socks,Apparel,SUP003,Global Sourcing Co,Chennai,WH-S1,Chennai Warehouse,South,East,8,947.96,1151.26,Rail,6,Delivered,2025-04-09,0,0,7583.68,9210.08,1626.4,46,23
ORD1094,2025-09-29,PRD-GRO-153,Green Tea 100pk,Grocery,SUP004,Northline Supplies,Ludhiana,WH-S1,Chennai Warehouse,South,South,194,1592.6,2063.97,Sea,12,Delivered,2025-10-11,0,0,308964.4,400410.18,91445.78,80,39
ORD1095,2025-01-26,PRD-ELE-156,Power Bank,Electronics,SUP006,EastWest Traders,Kolkata,WH-E1,Kolkata Warehouse,East,West,315,2238.12,2848.96,Air,2,Delivered,2025-01-28,0,0,705007.8,897422.4,192414.6,56,75
ORD1096,2025-05-26,PRD-PHA-167,First Aid Kit,Pharma,SUP006,EastWest Traders,Kolkata,WH-S1,Chennai Warehouse,South,North,117,2006.55,2848.69,Road,2,Delayed,2025-06-02,5,0,234766.35,333296.73,98530.38,148,52
ORD1097,2025-06-17,PRD-ELE-163,Wireless Mouse,Electronics,SUP006,EastWest Traders,Kolkata,WH-E1,Kolkata Warehouse,East,South,71,1932.03,2833.62,Rail,9,Delayed,2025-06-29,3,5,137174.13,191127.67,53953.54,223,25
ORD1098,2025-01-10,PRD-FUR-140,Office Chair,Furniture,SUP005,Prime Vendors Pvt Ltd,Ahmedabad,WH-E1,Kolkata Warehouse,East,Central,212,3562.02,4765.85,Road,4,Delivered,2025-01-14,0,0,755148.24,1010360.2,255211.96,316,41
ORD1099,2025-08-24,PRD-APP-155,Cotton T-Shirt,Apparel,SUP001,Sharma Traders,Delhi,WH-W1,Mumbai Warehouse,West,West,306,2032.23,2408.99,Sea,13,Delayed,2025-09-11,5,0,621862.38,737150.94,115288.56,39,41
ORD1100,2025-09-19,PRD-ELE-199,USB-C Cable,Electronics,SUP003,Global Sourcing Co,Chennai,WH-S1,Chennai Warehouse,South,South,125,558.88,707.09,Road,2,Delivered,2025-09-21,0,15,69860.0,75128.31,5268.31,90,29
ORD1101,2025-09-10,PRD-FUR-197,Sofa Set,Furniture,SUP005,Prime Vendors Pvt Ltd,Ahmedabad,WH-E1,Kolkata Warehouse,East,Central,334,3194.73,4571.77,Sea,14,Delayed,2025-09-28,4,5,1067039.82,1450622.62,383582.8,240,28
ORD1102,2025-08-15,PRD-APP-175,Formal Shirt,Apparel,SUP001,Sharma Traders,Delhi,WH-S1,Chennai Warehouse,South,Central,42,1586.52,2147.13,Road,2,Delayed,2025-08-20,3,15,66633.84,76652.54,10018.7,314,31
ORD1103,2025-09-17,PRD-FUR-174,Bed Frame,Furniture,SUP005,Prime Vendors Pvt Ltd,Ahmedabad,WH-N1,Delhi Warehouse,North,West,470,4058.59,5857.87,Road,5,In Transit,2025-09-22,0,10,1907537.3,2477879.01,570341.71,31,39
ORD1104,2025-08-19,PRD-ELE-191,Smartwatch,Electronics,SUP001,Sharma Traders,Delhi,WH-N2,Jaipur Warehouse,North,South,25,1276.33,1719.21,Road,4,Delivered,2025-08-23,0,0,31908.25,42980.25,11072.0,144,67
ORD1105,2025-07-18,PRD-FUR-186,Bookshelf,Furniture,SUP005,Prime Vendors Pvt Ltd,Ahmedabad,WH-N1,Delhi Warehouse,North,East,38,1681.97,2356.58,Road,7,Delayed,2025-07-29,4,0,63914.86,89550.04,25635.18,298,30
ORD1106,2025-03-14,PRD-APP-183,Formal Shirt,Apparel,SUP006,EastWest Traders,Kolkata,WH-E1,Kolkata Warehouse,East,South,309,3558.73,4228.21,Rail,5,Delayed,2025-03-23,4,15,1099647.57,1110539.36,10891.79,47,87
ORD1107,2025-08-05,PRD-PHA-102,Vitamin C Tablets,Pharma,SUP003,Global Sourcing Co,Chennai,WH-S1,Chennai Warehouse,South,South,491,1110.25,1750.25,Road,2,Delivered,2025-08-07,0,0,545132.75,859372.75,314240.0,39,39
ORD1108,2025-06-01,PRD-ELE-184,Wireless Mouse,Electronics,SUP003,Global Sourcing Co,Chennai,WH-N2,Jaipur Warehouse,North,South,310,1914.76,2341.77,Air,1,Delivered,2025-06-02,0,15,593575.6,617056.4,23480.8,22,76
ORD1109,2025-07-30,PRD-APP-192,Woolen Socks,Apparel,SUP002,Reliable Distributors,Mumbai,WH-E1,Kolkata Warehouse,East,Central,150,3774.34,5671.74,Road,4,Delivered,2025-08-03,0,0,566151.0,850761.0,284610.0,99,80
ORD1110,2025-07-08,PRD-PHA-159,First Aid Kit,Pharma,SUP003,Global Sourcing Co,Chennai,WH-E1,Kolkata Warehouse,East,Central,275,2122.37,2595.5,Road,5,Delivered,2025-07-13,0,0,583651.75,713762.5,130110.75,328,26
ORD1111,2025-09-04,PRD-APP-113,Winter Jacket,Apparel,SUP006,EastWest Traders,Kolkata,WH-N2,Jaipur Warehouse,North,North,150,465.18,568.52,Road,6,Delivered,2025-09-10,0,5,69777.0,81014.1,11237.1,113,31
ORD1112,2025-08-19,PRD-APP-153,Cotton T-Shirt,Apparel,SUP001,Sharma Traders,Delhi,WH-E1,Kolkata Warehouse,East,Central,196,1217.1,1944.36,Road,9,Delivered,2025-08-28,0,0,238551.6,381094.56,142542.96,365,32
ORD1113,2025-06-21,PRD-GRO-104,Sunflower Oil 1L,Grocery,SUP003,Global Sourcing Co,Chennai,WH-E1,Kolkata Warehouse,East,South,393,3542.4,4788.87,Road,2,Delivered,2025-06-23,0,0,1392163.2,1882025.91,489862.71,110,52
ORD1114,2025-03-18,PRD-PHA-167,Face Mask Box,Pharma,SUP004,Northline Supplies,Ludhiana,WH-N1,Delhi Warehouse,North,East,126,1540.7,1804.91,Road,4,In Transit,2025-03-22,0,0,194128.2,227418.66,33290.46,255,34
ORD1115,2025-10-02,PRD-ELE-191,USB-C Cable,Electronics,SUP002,Reliable Distributors,Mumbai,WH-S1,Chennai Warehouse,South,West,5,3093.31,3892.17,Road,3,Delivered,2025-10-05,0,10,15466.55,17514.76,2048.21,34,66
ORD1116,2025-09-27,PRD-PHA-164,Face Mask Box,Pharma,SUP005,Prime Vendors Pvt Ltd,Ahmedabad,WH-N1,Delhi Warehouse,North,West,452,2377.17,3413.74,Sea,12,Delayed,2025-10-11,2,0,1074480.84,1543010.48,468529.64,176,28
ORD1117,2025-05-04,PRD-ELE-117,Smartwatch,Electronics,SUP001,Sharma Traders,Delhi,WH-S1,Chennai Warehouse,South,Central,178,4076.87,5009.62,Air,1,In Transit,2025-05-05,0,15,725682.86,757955.51,32272.65,323,81
ORD1118,2025-04-04,PRD-GRO-191,Basmati Rice 5kg,Grocery,SUP004,Northline Supplies,Ludhiana,WH-N1,Delhi Warehouse,North,East,108,266.84,330.82,Road,2,Delayed,2025-04-16,10,5,28818.72,33942.13,5123.41,242,89
ORD1119,2025-05-10,PRD-ELE-136,USB-C Cable,Electronics,SUP003,Global Sourcing Co,Chennai,WH-N1,Delhi Warehouse,North,East,144,666.15,876.39,Sea,8,In Transit,2025-05-18,0,5,95925.6,119890.15,23964.55,95,63
ORD1120,2025-09-12,PRD-FUR-166,Bookshelf,Furniture,SUP003,Global Sourcing Co,Chennai,WH-N1,Delhi Warehouse,North,West,45,2181.51,3485.6,Road,3,Delayed,2025-09-22,7,0,98167.95,156852.0,58684.05,167,30
ORD1121,2025-06-01,PRD-APP-177,Running Shoes,Apparel,SUP006,EastWest Traders,Kolkata,WH-E1,Kolkata Warehouse,East,South,358,2247.35,3036.64,Air,3,Delayed,2025-06-12,8,0,804551.3,1087117.12,282565.82,38,27
ORD1122,2025-07-27,PRD-APP-195,Winter Jacket,Apparel,SUP006,EastWest Traders,Kolkata,WH-W1,Mumbai Warehouse,West,North,78,4250.91,6185.67,Road,4,Delivered,2025-07-31,0,0,331570.98,482482.26,150911.28,398,50
ORD1123,2025-07-07,PRD-APP-172,Running Shoes,Apparel,SUP001,Sharma Traders,Delhi,WH-N2,Jaipur Warehouse,North,South,352,2277.12,2998.82,Road,4,Delivered,2025-07-11,0,10,801546.24,950026.18,148479.94,271,37
ORD1124,2025-07-07,PRD-FUR-183,Bookshelf,Furniture,SUP003,Global Sourcing Co,Chennai,WH-W1,Mumbai Warehouse,West,North,18,3691.59,5074.35,Road,2,Delivered,2025-07-09,0,0,66448.62,91338.3,24889.68,360,53
ORD1125,2025-08-17,PRD-GRO-136,Sugar 1kg,Grocery,SUP006,EastWest Traders,Kolkata,WH-E1,Kolkata Warehouse,East,South,67,721.86,854.19,Road,4,In Transit,2025-08-21,0,0,48364.62,57230.73,8866.11,341,60
ORD1126,2025-06-27,PRD-ELE-138,Power Bank,Electronics,SUP002,Reliable Distributors,Mumbai,WH-W1,Mumbai Warehouse,West,East,265,1160.0,1848.24,Air,1,Delivered,2025-06-28,0,5,307400.0,465294.42,157894.42,184,23
ORD1127,2025-10-11,PRD-PHA-159,Vitamin C Tablets,Pharma,SUP005,Prime Vendors Pvt Ltd,Ahmedabad,WH-W1,Mumbai Warehouse,West,Central,457,476.77,614.64,Sea,13,In Transit,2025-10-24,0,10,217883.89,252801.43,34917.54,393,72
ORD1128,2025-07-29,PRD-PHA-116,Paracetamol Strip,Pharma,SUP003,Global Sourcing Co,Chennai,WH-N1,Delhi Warehouse,North,West,243,3416.54,4458.69,Sea,14,Delivered,2025-08-13,1,0,830219.22,1083461.67,253242.45,257,75
ORD1129,2025-01-29,PRD-ELE-138,LED Monitor,Electronics,SUP002,Reliable Distributors,Mumbai,WH-W1,Mumbai Warehouse,West,East,483,3561.19,4649.88,Sea,9,Delayed,2025-02-10,3,0,1720054.77,2245892.04,525837.27,325,45
ORD1130,2025-10-10,PRD-APP-180,Denim Jeans,Apparel,SUP003,Global Sourcing Co,Chennai,WH-N2,Jaipur Warehouse,North,Central,52,2537.74,3110.98,Sea,10,Delivered,2025-10-20,0,0,131962.48,161770.96,29808.48,368,99
ORD1131,2025-06-22,PRD-PHA-103,Paracetamol Strip,Pharma,SUP001,Sharma Traders,Delhi,WH-N1,Delhi Warehouse,North,Central,140,3273.09,4893.7,Road,5,Delivered,2025-06-27,0,5,458232.6,650862.1,192629.5,279,100
ORD1132,2025-05-29,PRD-APP-131,Running Shoes,Apparel,SUP006,EastWest Traders,Kolkata,WH-E1,Kolkata Warehouse,East,East,237,411.22,483.99,Road,11,In Transit,2025-06-09,0,5,97459.14,108970.35,11511.21,174,46
ORD1133,2025-03-15,PRD-APP-140,Woolen Socks,Apparel,SUP006,EastWest Traders,Kolkata,WH-S1,Chennai Warehouse,South,West,71,3815.29,5271.74,Road,5,Delivered,2025-03-21,1,5,270885.59,355578.86,84693.27,136,35
ORD1134,2025-08-19,PRD-GRO-112,Sunflower Oil 1L,Grocery,SUP001,Sharma Traders,Delhi,WH-S1,Chennai Warehouse,South,West,447,3096.12,3906.44,Sea,13,Delivered,2025-09-01,0,0,1383965.64,1746178.68,362213.04,369,93
ORD1135,2025-06-10,PRD-GRO-163,Sunflower Oil 1L,Grocery,SUP005,Prime Vendors Pvt Ltd,Ahmedabad,WH-E1,Kolkata Warehouse,East,West,455,1577.28,1830.32,Sea,11,In Transit,2025-06-21,0,0,717662.4,832795.6,115133.2,298,47
ORD1136,2025-06-30,PRD-ELE-136,Wireless Mouse,Electronics,SUP004,Northline Supplies,Ludhiana,WH-N2,Jaipur Warehouse,North,West,151,2706.62,4144.45,Road,5,Delayed,2025-07-12,7,5,408699.62,594521.35,185821.73,23,66
ORD1137,2025-07-25,PRD-ELE-146,USB-C Cable,Electronics,SUP005,Prime Vendors Pvt Ltd,Ahmedabad,WH-S1,Chennai Warehouse,South,North,202,2546.06,3803.77,Road,2,Delivered,2025-07-27,0,0,514304.12,768361.54,254057.42,201,32
ORD1138,2025-07-11,PRD-APP-146,Winter Jacket,Apparel,SUP002,Reliable Distributors,Mumbai,WH-W1,Mumbai Warehouse,West,Central,265,2036.87,2379.3,Road,3,Delayed,2025-07-23,9,10,539770.55,567463.05,27692.5,76,78
ORD1139,2025-09-21,PRD-GRO-178,Wheat Flour 10kg,Grocery,SUP003,Global Sourcing Co,Chennai,WH-W1,Mumbai Warehouse,West,West,320,3709.63,4765.6,Road,4,In Transit,2025-09-25,0,15,1187081.6,1296243.2,109161.6,153,92
ORD1140,2025-09-01,PRD-ELE-142,Smartwatch,Electronics,SUP006,EastWest Traders,Kolkata,WH-N1,Delhi Warehouse,North,West,303,1573.01,2445.16,Sea,16,Delivered,2025-09-17,0,10,476622.03,666795.13,190173.1,135,80
ORD1141,2025-10-24,PRD-PHA-192,Hand Sanitizer 500ml,Pharma,SUP001,Sharma Traders,Delhi,WH-N2,Jaipur Warehouse,North,West,92,2644.95,3900.06,Air,3,Cancelled,,0,0,243335.4,0.0,-24333.54,16,51
ORD1142,2025-10-21,PRD-ELE-102,USB-C Cable,Electronics,SUP004,Northline Supplies,Ludhiana,WH-S1,Chennai Warehouse,South,West,82,2094.15,2600.41,Rail,2,In Transit,2025-10-23,0,15,171720.3,181248.58,9528.28,361,27
ORD1143,2025-03-12,PRD-PHA-171,Hand Sanitizer 500ml,Pharma,SUP003,Global Sourcing Co,Chennai,WH-E1,Kolkata Warehouse,East,Central,197,1603.08,1968.47,Sea,11,Delayed,2025-04-02,10,0,315806.76,387788.59,71981.83,312,53
ORD1144,2025-09-05,PRD-GRO-135,Sunflower Oil 1L,Grocery,SUP005,Prime Vendors Pvt Ltd,Ahmedabad,WH-S1,Chennai Warehouse,South,South,487,4865.91,6247.47,Road,6,Delivered,2025-09-11,0,15,2369698.17,2586140.21,216442.04,162,82
ORD1145,2025-09-03,PRD-APP-192,Winter Jacket,Apparel,SUP003,Global Sourcing Co,Chennai,WH-S1,Chennai Warehouse,South,North,298,3399.28,4489.98,Sea,9,Delayed,2025-09-16,4,0,1012985.44,1338014.04,325028.6,147,25
ORD1146,2025-02-10,PRD-APP-183,Running Shoes,Apparel,SUP003,Global Sourcing Co,Chennai,WH-E1,Kolkata Warehouse,East,South,108,4148.36,5276.75,Rail,4,Delayed,2025-02-18,4,0,448022.88,569889.0,121866.12,379,98
ORD1147,2025-10-28,PRD-GRO-106,Sunflower Oil 1L,Grocery,SUP006,EastWest Traders,Kolkata,WH-N2,Jaipur Warehouse,North,South,331,1202.54,1437.14,Road,5,In Transit,2025-11-02,0,0,398040.74,475693.34,77652.6,2,37
ORD1148,2025-10-09,PRD-GRO-183,Green Tea 100pk,Grocery,SUP004,Northline Supplies,Ludhiana,WH-E1,Kolkata Warehouse,East,South,392,4821.37,6241.39,Rail,4,Delivered,2025-10-13,0,15,1889977.04,2079631.15,189654.11,118,93
ORD1149,2025-10-01,PRD-ELE-153,LED Monitor,Electronics,SUP002,Reliable Distributors,Mumbai,WH-N1,Delhi Warehouse,North,West,408,2502.15,3932.06,Sea,12,Delayed,2025-10-15,2,0,1020877.2,1604280.48,583403.28,290,58
ORD1150,2025-02-24,PRD-APP-158,Formal Shirt,Apparel,SUP006,EastWest Traders,Kolkata,WH-N2,Jaipur Warehouse,North,Central,257,4451.84,5388.46,Rail,4,Delayed,2025-03-05,5,0,1144122.88,1384834.22,240711.34,83,62
ORD1151,2025-08-23,PRD-APP-123,Woolen Socks,Apparel,SUP001,Sharma Traders,Delhi,WH-S1,Chennai Warehouse,South,East,295,3388.29,4191.05,Rail,10,Cancelled,,0,5,999545.55,0.0,-99954.56,167,85
ORD1152,2025-02-14,PRD-FUR-112,Wardrobe,Furniture,SUP002,Reliable Distributors,Mumbai,WH-W1,Mumbai Warehouse,West,West,170,4682.34,5399.08,Road,5,In Transit,2025-02-19,0,0,795997.8,917843.6,121845.8,154,62
ORD1153,2025-10-26,PRD-PHA-133,Paracetamol Strip,Pharma,SUP006,EastWest Traders,Kolkata,WH-S1,Chennai Warehouse,South,South,36,3355.54,4561.61,Road,1,Delayed,2025-10-30,3,15,120799.44,139585.27,18785.83,188,57
ORD1154,2025-04-24,PRD-GRO-161,Sunflower Oil 1L,Grocery,SUP002,Reliable Distributors,Mumbai,WH-E1,Kolkata Warehouse,East,Central,196,2108.44,2945.82,Road,4,Delivered,2025-04-28,0,0,413254.24,577380.72,164126.48,41,96
ORD1155,2025-09-27,PRD-FUR-190,Sofa Set,Furniture,SUP003,Global Sourcing Co,Chennai,WH-N1,Delhi Warehouse,North,Central,62,355.7,496.71,Rail,7,Delivered,2025-10-04,0,0,22053.4,30796.02,8742.62,266,61
ORD1156,2025-08-15,PRD-ELE-191,USB-C Cable,Electronics,SUP005,Prime Vendors Pvt Ltd,Ahmedabad,WH-E1,Kolkata Warehouse,East,North,465,2576.36,3900.38,Road,3,Cancelled,,0,5,1198007.4,0.0,-119800.74,29,92
ORD1157,2025-10-14,PRD-FUR-139,Wardrobe,Furniture,SUP006,EastWest Traders,Kolkata,WH-N1,Delhi Warehouse,North,West,135,4091.44,6078.29,Rail,7,Delivered,2025-10-21,0,5,552344.4,779540.69,227196.29,358,64
ORD1158,2025-02-02,PRD-PHA-108,Paracetamol Strip,Pharma,SUP004,Northline Supplies,Ludhiana,WH-N1,Delhi Warehouse,North,East,214,940.91,1139.39,Rail,3,Cancelled,,0,0,201354.74,0.0,-20135.47,229,68
ORD1159,2025-07-13,PRD-FUR-187,Office Chair,Furniture,SUP006,EastWest Traders,Kolkata,WH-N2,Jaipur Warehouse,North,South,339,4308.42,5184.69,Sea,11,Cancelled,,0,10,1460554.38,0.0,-146055.44,372,36
ORD1160,2025-04-25,PRD-ELE-138,Wireless Mouse,Electronics,SUP004,Northline Supplies,Ludhiana,WH-N2,Jaipur Warehouse,North,West,277,1927.42,2415.73,Road,3,Delivered,2025-04-28,0,0,533895.34,669157.21,135261.87,371,44
ORD1161,2025-02-27,PRD-ELE-178,Laptop Stand,Electronics,SUP001,Sharma Traders,Delhi,WH-W1,Mumbai Warehouse,West,South,39,549.44,640.16,Rail,9,Delivered,2025-03-08,0,0,21428.16,24966.24,3538.08,205,25
ORD1162,2025-08-13,PRD-GRO-127,Sugar 1kg,Grocery,SUP001,Sharma Traders,Delhi,WH-W1,Mumbai Warehouse,West,Central,153,1209.1,1889.07,Rail,3,Delayed,2025-08-21,5,0,184992.3,289027.71,104035.41,338,38
ORD1163,2025-09-24,PRD-GRO-138,Green Tea 100pk,Grocery,SUP003,Global Sourcing Co,Chennai,WH-N1,Delhi Warehouse,North,Central,490,2978.75,4411.07,Road,5,Cancelled,,0,10,1459587.5,0.0,-145958.75,24,83
ORD1164,2025-06-26,PRD-FUR-140,Sofa Set,Furniture,SUP006,EastWest Traders,Kolkata,WH-E1,Kolkata Warehouse,East,West,81,1534.45,1891.59,Rail,10,Delivered,2025-07-07,1,0,124290.45,153218.79,28928.34,362,58
ORD1165,2025-03-15,PRD-FUR-171,Office Chair,Furniture,SUP004,Northline Supplies,Ludhiana,WH-E1,Kolkata Warehouse,East,Central,276,713.76,898.83,Road,1,Delivered,2025-03-16,0,5,196997.76,235673.23,38675.47,47,67
ORD1166,2025-10-02,PRD-GRO-134,Basmati Rice 5kg,Grocery,SUP004,Northline Supplies,Ludhiana,WH-N2,Jaipur Warehouse,North,Central,25,4374.42,5400.98,Air,4,Delivered,2025-10-06,0,5,109360.5,128273.27,18912.77,170,46
ORD1167,2025-06-05,PRD-ELE-124,USB-C Cable,Electronics,SUP006,EastWest Traders,Kolkata,WH-N1,Delhi Warehouse,North,West,473,1250.84,1778.67,Road,4,Delivered,2025-06-09,0,10,591647.32,757179.82,165532.5,397,61
ORD1168,2025-05-25,PRD-FUR-168,Bed Frame,Furniture,SUP006,EastWest Traders,Kolkata,WH-S1,Chennai Warehouse,South,East,138,1830.24,2831.87,Road,2,In Transit,2025-05-27,0,0,252573.12,390798.06,138224.94,189,46
ORD1169,2025-06-10,PRD-FUR-172,Office Chair,Furniture,SUP002,Reliable Distributors,Mumbai,WH-W1,Mumbai Warehouse,West,North,138,2788.89,3940.18,Air,1,Delayed,2025-06-15,4,0,384866.82,543744.84,158878.02,117,62
ORD1170,2025-07-14,PRD-PHA-163,Hand Sanitizer 500ml,Pharma,SUP005,Prime Vendors Pvt Ltd,Ahmedabad,WH-S1,Chennai Warehouse,South,East,395,4116.88,6524.96,Rail,1,In Transit,2025-07-15,0,5,1626167.6,2448491.24,822323.64,375,41
ORD1171,2025-06-30,PRD-GRO-192,Sunflower Oil 1L,Grocery,SUP005,Prime Vendors Pvt Ltd,Ahmedabad,WH-E1,Kolkata Warehouse,East,South,474,4452.35,7104.37,Sea,9,Delivered,2025-07-09,0,0,2110413.9,3367471.38,1257057.48,391,26
ORD1172,2025-01-04,PRD-FUR-180,Study Table,Furniture,SUP002,Reliable Distributors,Mumbai,WH-N1,Delhi Warehouse,North,South,9,1132.66,1534.99,Road,1,In Transit,2025-01-05,0,15,10193.94,11742.67,1548.73,8,82
ORD1173,2025-01-04,PRD-PHA-152,Face Mask Box,Pharma,SUP001,Sharma Traders,Delhi,WH-N1,Delhi Warehouse,North,Central,374,1409.97,2241.66,Road,7,Cancelled,,0,0,527328.78,0.0,-52732.88,49,33
ORD1174,2025-09-26,PRD-GRO-124,Sunflower Oil 1L,Grocery,SUP005,Prime Vendors Pvt Ltd,Ahmedabad,WH-N2,Jaipur Warehouse,North,East,422,1804.48,2720.65,Road,1,Cancelled,,0,5,761490.56,0.0,-76149.06,124,92
ORD1175,2025-04-26,PRD-APP-110,Woolen Socks,Apparel,SUP006,EastWest Traders,Kolkata,WH-N1,Delhi Warehouse,North,North,212,1927.36,2695.83,Road,3,Delivered,2025-04-29,0,15,408600.32,485788.57,77188.25,42,41
ORD1176,2025-09-13,PRD-FUR-142,Wardrobe,Furniture,SUP005,Prime Vendors Pvt Ltd,Ahmedabad,WH-N1,Delhi Warehouse,North,Central,475,260.63,324.52,Sea,14,In Transit,2025-09-27,0,0,123799.25,154147.0,30347.75,38,25
ORD1177,2025-05-24,PRD-PHA-184,Face Mask Box,Pharma,SUP001,Sharma Traders,Delhi,WH-W1,Mumbai Warehouse,West,East,13,4809.27,6801.11,Air,1,Cancelled,,0,0,62520.51,0.0,-6252.05,83,58
ORD1178,2025-10-16,PRD-GRO-149,Sugar 1kg,Grocery,SUP006,EastWest Traders,Kolkata,WH-N2,Jaipur Warehouse,North,East,201,3790.27,4597.51,Sea,14,Delivered,2025-10-30,0,10,761844.27,831689.56,69845.29,27,64
ORD1179,2025-02-20,PRD-FUR-109,Study Table,Furniture,SUP003,Global Sourcing Co,Chennai,WH-N2,Jaipur Warehouse,North,Central,493,2998.26,4755.28,Road,2,Delayed,2025-03-03,9,5,1478142.18,2227135.39,748993.21,182,49
ORD1180,2025-10-11,PRD-FUR-123,Bed Frame,Furniture,SUP006,EastWest Traders,Kolkata,WH-N2,Jaipur Warehouse,North,West,48,3872.23,4967.76,Road,4,Delivered,2025-10-15,0,0,185867.04,238452.48,52585.44,78,54
ORD1181,2025-07-14,PRD-GRO-149,Salt 1kg,Grocery,SUP003,Global Sourcing Co,Chennai,WH-S1,Chennai Warehouse,South,North,51,75.72,97.58,Road,2,Delayed,2025-07-19,3,0,3861.72,4976.58,1114.86,95,31
ORD1182,2025-08-09,PRD-FUR-171,Sofa Set,Furniture,SUP005,Prime Vendors Pvt Ltd,Ahmedabad,WH-E1,Kolkata Warehouse,East,North,18,493.61,690.76,Rail,6,Delayed,2025-08-23,8,0,8884.98,12433.68,3548.7,211,57
ORD1183,2025-07-18,PRD-ELE-173,USB-C Cable,Electronics,SUP005,Prime Vendors Pvt Ltd,Ahmedabad,WH-W1,Mumbai Warehouse,West,West,91,737.26,947.75,Road,3,Delivered,2025-07-21,0,0,67090.66,86245.25,19154.59,141,75
ORD1184,2025-08-04,PRD-APP-109,Running Shoes,Apparel,SUP003,Global Sourcing Co,Chennai,WH-S1,Chennai Warehouse,South,South,374,3143.92,4455.6,Road,5,Delivered,2025-08-10,1,0,1175826.08,1666394.4,490568.32,3,58
ORD1185,2025-07-22,PRD-APP-148,Winter Jacket,Apparel,SUP003,Global Sourcing Co,Chennai,WH-E1,Kolkata Warehouse,East,East,225,4086.6,6280.2,Sea,9,Delivered,2025-08-02,2,0,919485.0,1413045.0,493560.0,308,61
ORD1186,2025-04-13,PRD-FUR-122,Bookshelf,Furniture,SUP004,Northline Supplies,Ludhiana,WH-S1,Chennai Warehouse,South,East,381,3490.04,4784.68,Rail,2,Delivered,2025-04-15,0,0,1329705.24,1822963.08,493257.84,143,68
ORD1187,2025-07-21,PRD-APP-172,Cotton T-Shirt,Apparel,SUP002,Reliable Distributors,Mumbai,WH-N2,Jaipur Warehouse,North,Central,97,3424.48,4785.86,Sea,13,In Transit,2025-08-03,0,15,332174.56,394594.16,62419.6,224,46
ORD1188,2025-05-30,PRD-ELE-186,Laptop Stand,Electronics,SUP004,Northline Supplies,Ludhiana,WH-W1,Mumbai Warehouse,West,East,128,1300.77,1586.11,Road,4,Cancelled,,0,0,166498.56,0.0,-16649.86,306,77
ORD1189,2025-09-03,PRD-PHA-168,First Aid Kit,Pharma,SUP005,Prime Vendors Pvt Ltd,Ahmedabad,WH-E1,Kolkata Warehouse,East,Central,23,3964.07,5200.02,Sea,10,Delivered,2025-09-13,0,0,91173.61,119600.46,28426.85,336,51
ORD1190,2025-07-01,PRD-GRO-178,Salt 1kg,Grocery,SUP001,Sharma Traders,Delhi,WH-N2,Jaipur Warehouse,North,West,500,3775.78,5983.0,Road,3,Delivered,2025-07-04,0,0,1887890.0,2991500.0,1103610.0,113,53
ORD1191,2025-09-19,PRD-PHA-174,Face Mask Box,Pharma,SUP006,EastWest Traders,Kolkata,WH-N2,Jaipur Warehouse,North,South,233,1901.89,2583.49,Rail,7,Delivered,2025-09-26,0,0,443140.37,601953.17,158812.8,247,23
ORD1192,2025-02-23,PRD-APP-110,Running Shoes,Apparel,SUP001,Sharma Traders,Delhi,WH-W1,Mumbai Warehouse,West,East,164,1748.18,2627.38,Rail,4,Delayed,2025-03-08,9,0,286701.52,430890.32,144188.8,369,76
ORD1193,2025-08-20,PRD-APP-138,Cotton T-Shirt,Apparel,SUP001,Sharma Traders,Delhi,WH-N1,Delhi Warehouse,North,North,439,1748.24,2096.51,Air,3,Delivered,2025-08-23,0,10,767477.36,828331.1,60853.74,282,42
ORD1194,2025-03-23,PRD-APP-154,Winter Jacket,Apparel,SUP004,Northline Supplies,Ludhiana,WH-W1,Mumbai Warehouse,West,West,327,963.04,1385.06,Road,5,Delivered,2025-03-28,0,15,314914.08,384977.43,70063.35,101,98
ORD1195,2025-08-19,PRD-PHA-149,First Aid Kit,Pharma,SUP001,Sharma Traders,Delhi,WH-W1,Mumbai Warehouse,West,South,147,3774.01,5713.58,Road,2,Delivered,2025-08-21,0,10,554779.47,755906.63,201127.16,187,43
ORD1196,2025-06-16,PRD-GRO-114,Green Tea 100pk,Grocery,SUP003,Global Sourcing Co,Chennai,WH-E1,Kolkata Warehouse,East,Central,499,3213.59,4558.92,Rail,7,Delivered,2025-06-23,0,0,1603581.41,2274901.08,671319.67,234,65
ORD1197,2025-03-30,PRD-APP-175,Winter Jacket,Apparel,SUP001,Sharma Traders,Delhi,WH-W1,Mumbai Warehouse,West,East,65,1230.93,1480.35,Road,3,Delivered,2025-04-02,0,10,80010.45,86600.48,6590.03,214,69
ORD1198,2025-03-12,PRD-PHA-154,First Aid Kit,Pharma,SUP002,Reliable Distributors,Mumbai,WH-E1,Kolkata Warehouse,East,Central,360,4599.85,7216.3,Road,6,Delivered,2025-03-18,0,5,1655946.0,2467974.6,812028.6,71,56
ORD1199,2025-04-06,PRD-APP-179,Running Shoes,Apparel,SUP001,Sharma Traders,Delhi,WH-S1,Chennai Warehouse,South,North,253,725.85,1101.0,Sea,13,In Transit,2025-04-19,0,5,183640.05,264625.35,80985.3,212,82
ORD1200,2025-08-16,PRD-FUR-110,Study Table,Furniture,SUP005,Prime Vendors Pvt Ltd,Ahmedabad,WH-N1,Delhi Warehouse,North,South,154,211.84,265.05,Road,3,In Transit,2025-08-19,0,10,32623.36,36735.93,4112.57,281,83
ORD1201,2025-09-19,PRD-ELE-134,Bluetooth Speaker,Electronics,SUP005,Prime Vendors Pvt Ltd,Ahmedabad,WH-S1,Chennai Warehouse,South,Central,426,3796.09,5663.77,Road,3,Delivered,2025-09-23,1,5,1617134.34,2292127.72,674993.38,376,33
ORD1202,2025-05-07,PRD-APP-157,Cotton T-Shirt,Apparel,SUP003,Global Sourcing Co,Chennai,WH-S1,Chennai Warehouse,South,North,229,4333.19,5212.06,Air,3,Delivered,2025-05-10,0,15,992300.51,1014527.48,22226.97,352,95
ORD1203,2025-06-29,PRD-PHA-121,First Aid Kit,Pharma,SUP005,Prime Vendors Pvt Ltd,Ahmedabad,WH-W1,Mumbai Warehouse,West,South,421,1074.37,1264.22,Road,6,Delayed,2025-07-15,10,0,452309.77,532236.62,79926.85,360,61
ORD1204,2025-05-30,PRD-APP-134,Winter Jacket,Apparel,SUP005,Prime Vendors Pvt Ltd,Ahmedabad,WH-N1,Delhi Warehouse,North,South,497,3762.97,5024.39,Road,4,Delayed,2025-06-07,4,15,1870196.09,2122553.56,252357.47,127,36
ORD1205,2025-03-16,PRD-APP-197,Denim Jeans,Apparel,SUP006,EastWest Traders,Kolkata,WH-E1,Kolkata Warehouse,East,West,77,2908.26,3696.17,Road,5,In Transit,2025-03-21,0,0,223936.02,284605.09,60669.07,206,31
ORD1206,2025-09-21,PRD-APP-147,Woolen Socks,Apparel,SUP004,Northline Supplies,Ludhiana,WH-E1,Kolkata Warehouse,East,East,302,62.24,93.26,Air,1,In Transit,2025-09-22,0,15,18796.48,23939.84,5143.36,32,65
ORD1207,2025-10-01,PRD-FUR-154,Study Table,Furniture,SUP002,Reliable Distributors,Mumbai,WH-E1,Kolkata Warehouse,East,East,170,4150.3,5403.65,Rail,6,In Transit,2025-10-07,0,0,705551.0,918620.5,213069.5,23,26
ORD1208,2025-02-20,PRD-FUR-115,Office Chair,Furniture,SUP002,Reliable Distributors,Mumbai,WH-E1,Kolkata Warehouse,East,West,5,4959.6,6658.31,Sea,11,Delivered,2025-03-03,0,15,24798.0,28297.82,3499.82,81,58
ORD1209,2025-05-21,PRD-ELE-132,Smartwatch,Electronics,SUP001,Sharma Traders,Delhi,WH-S1,Chennai Warehouse,South,South,31,2011.89,2590.27,Rail,7,Delivered,2025-05-28,0,5,62368.59,76283.45,13914.86,360,31
ORD1210,2025-02-18,PRD-ELE-161,USB-C Cable,Electronics,SUP001,Sharma Traders,Delhi,WH-W1,Mumbai Warehouse,West,Central,120,2621.25,3539.42,Road,8,Delayed,2025-03-01,3,5,314550.0,403493.88,88943.88,244,36
ORD1211,2025-02-06,PRD-GRO-111,Green Tea 100pk,Grocery,SUP006,EastWest Traders,Kolkata,WH-N1,Delhi Warehouse,North,North,165,1869.43,2401.59,Road,1,Delivered,2025-02-07,0,15,308455.95,336823.0,28367.05,35,38
ORD1212,2025-09-29,PRD-PHA-178,Paracetamol Strip,Pharma,SUP006,EastWest Traders,Kolkata,WH-W1,Mumbai Warehouse,West,West,184,3626.04,5194.8,Road,6,Cancelled,,0,10,667191.36,0.0,-66719.14,111,76
ORD1213,2025-02-14,PRD-ELE-196,LED Monitor,Electronics,SUP001,Sharma Traders,Delhi,WH-N2,Jaipur Warehouse,North,West,184,4818.08,6222.68,Road,5,Delayed,2025-02-22,3,0,886526.72,1144973.12,258446.4,307,90
ORD1214,2025-05-26,PRD-ELE-126,Power Bank,Electronics,SUP005,Prime Vendors Pvt Ltd,Ahmedabad,WH-N2,Jaipur Warehouse,North,Central,101,3751.83,4813.58,Road,5,Delivered,2025-05-31,0,5,378934.83,461863.0,82928.17,57,69
ORD1215,2025-05-04,PRD-FUR-176,Wardrobe,Furniture,SUP001,Sharma Traders,Delhi,WH-N2,Jaipur Warehouse,North,North,189,4672.93,5651.41,Sea,11,Cancelled,,0,0,883183.77,0.0,-88318.38,349,89
ORD1216,2025-03-30,PRD-FUR-102,Office Chair,Furniture,SUP005,Prime Vendors Pvt Ltd,Ahmedabad,WH-N1,Delhi Warehouse,North,North,139,1117.93,1749.74,Sea,10,Cancelled,,0,10,155392.27,0.0,-15539.23,321,56
ORD1217,2025-09-14,PRD-FUR-189,Bed Frame,Furniture,SUP004,Northline Supplies,Ludhiana,WH-N1,Delhi Warehouse,North,Central,280,3099.43,3951.34,Road,4,Delivered,2025-09-18,0,0,867840.4,1106375.2,238534.8,167,88
ORD1218,2025-07-20,PRD-PHA-139,Paracetamol Strip,Pharma,SUP006,EastWest Traders,Kolkata,WH-E1,Kolkata Warehouse,East,South,34,1260.17,1973.53,Road,5,Delivered,2025-07-25,0,0,42845.78,67100.02,24254.24,61,42
ORD1219,2025-01-07,PRD-GRO-101,Salt 1kg,Grocery,SUP002,Reliable Distributors,Mumbai,WH-E1,Kolkata Warehouse,East,East,272,2610.25,3967.91,Road,2,Delayed,2025-01-13,4,15,709988.0,917380.79,207392.79,375,54
ORD1220,2025-03-02,PRD-ELE-154,Smartwatch,Electronics,SUP003,Global Sourcing Co,Chennai,WH-N2,Jaipur Warehouse,North,North,139,3576.0,5040.35,Road,3,In Transit,2025-03-05,0,10,497064.0,630547.78,133483.78,28,66
ORD1221,2025-09-13,PRD-PHA-147,Hand Sanitizer 500ml,Pharma,SUP002,Reliable Distributors,Mumbai,WH-S1,Chennai Warehouse,South,North,462,2890.87,4264.76,Road,4,Delivered,2025-09-17,0,0,1335581.94,1970319.12,634737.18,125,21
ORD1222,2025-01-24,PRD-FUR-149,Bookshelf,Furniture,SUP002,Reliable Distributors,Mumbai,WH-W1,Mumbai Warehouse,West,North,288,4025.42,5922.64,Rail,4,Delivered,2025-01-28,0,0,1159320.96,1705720.32,546399.36,213,51
ORD1223,2025-06-13,PRD-APP-173,Cotton T-Shirt,Apparel,SUP003,Global Sourcing Co,Chennai,WH-N1,Delhi Warehouse,North,Central,349,4514.61,5556.15,Air,2,Delivered,2025-06-15,0,5,1575598.89,1842141.53,266542.64,238,28
ORD1224,2025-05-25,PRD-APP-111,Formal Shirt,Apparel,SUP005,Prime Vendors Pvt Ltd,Ahmedabad,WH-E1,Kolkata Warehouse,East,North,193,1043.32,1464.52,Road,3,Delivered,2025-05-28,0,5,201360.76,268519.74,67158.98,302,67
ORD1225,2025-09-10,PRD-GRO-169,Salt 1kg,Grocery,SUP002,Reliable Distributors,Mumbai,WH-W1,Mumbai Warehouse,West,North,482,2079.68,2609.68,Road,1,Delivered,2025-09-11,0,0,1002405.76,1257865.76,255460.0,388,20
ORD1226,2025-07-12,PRD-APP-126,Cotton T-Shirt,Apparel,SUP005,Prime Vendors Pvt Ltd,Ahmedabad,WH-W1,Mumbai Warehouse,West,West,256,4807.87,7633.22,Road,2,Delayed,2025-07-17,3,0,1230814.72,1954104.32,723289.6,266,49
ORD1227,2025-07-31,PRD-APP-195,Running Shoes,Apparel,SUP001,Sharma Traders,Delhi,WH-N2,Jaipur Warehouse,North,North,263,710.89,1079.83,Road,3,Delivered,2025-08-03,0,5,186964.07,269795.53,82831.46,121,36
ORD1228,2025-05-30,PRD-APP-150,Formal Shirt,Apparel,SUP006,EastWest Traders,Kolkata,WH-S1,Chennai Warehouse,South,East,236,1396.18,1652.53,Road,6,Delivered,2025-06-05,0,0,329498.48,389997.08,60498.6,84,33
ORD1229,2025-08-19,PRD-FUR-152,Bookshelf,Furniture,SUP001,Sharma Traders,Delhi,WH-N2,Jaipur Warehouse,North,East,498,3863.17,5228.27,Road,3,Delivered,2025-08-22,0,0,1923858.66,2603678.46,679819.8,351,40
ORD1230,2025-06-05,PRD-PHA-127,Paracetamol Strip,Pharma,SUP003,Global Sourcing Co,Chennai,WH-W1,Mumbai Warehouse,West,North,369,1278.68,1675.18,Rail,3,Delayed,2025-06-14,6,0,471832.92,618141.42,146308.5,207,23
ORD1231,2025-08-20,PRD-PHA-131,Face Mask Box,Pharma,SUP001,Sharma Traders,Delhi,WH-E1,Kolkata Warehouse,East,North,416,3979.36,4793.75,Road,3,Delivered,2025-08-23,0,0,1655413.76,1994200.0,338786.24,205,45
ORD1232,2025-07-10,PRD-ELE-109,Power Bank,Electronics,SUP001,Sharma Traders,Delhi,WH-N1,Delhi Warehouse,North,South,467,3247.64,4917.53,Road,4,Delayed,2025-07-17,3,0,1516647.88,2296486.51,779838.63,25,79
ORD1233,2025-03-28,PRD-PHA-192,First Aid Kit,Pharma,SUP004,Northline Supplies,Ludhiana,WH-E1,Kolkata Warehouse,East,North,200,3431.9,4213.56,Road,2,Delivered,2025-03-30,0,0,686380.0,842712.0,156332.0,228,55
ORD1234,2025-03-18,PRD-ELE-182,USB-C Cable,Electronics,SUP003,Global Sourcing Co,Chennai,WH-E1,Kolkata Warehouse,East,West,456,2775.91,3268.47,Road,7,Delivered,2025-03-25,0,5,1265814.96,1415901.2,150086.24,329,45
ORD1235,2025-09-27,PRD-GRO-169,Salt 1kg,Grocery,SUP001,Sharma Traders,Delhi,WH-E1,Kolkata Warehouse,East,East,250,2745.36,3755.94,Sea,12,Delayed,2025-10-17,8,0,686340.0,938985.0,252645.0,13,43
ORD1236,2025-06-13,PRD-PHA-103,Hand Sanitizer 500ml,Pharma,SUP003,Global Sourcing Co,Chennai,WH-N1,Delhi Warehouse,North,West,276,1819.29,2570.28,Road,5,Delivered,2025-06-18,0,0,502124.04,709397.28,207273.24,336,51
ORD1237,2025-05-04,PRD-APP-194,Winter Jacket,Apparel,SUP001,Sharma Traders,Delhi,WH-W1,Mumbai Warehouse,West,Central,438,4914.19,6510.27,Sea,12,Delivered,2025-05-16,0,0,2152415.22,2851498.26,699083.04,303,50
ORD1238,2025-06-12,PRD-APP-103,Winter Jacket,Apparel,SUP006,EastWest Traders,Kolkata,WH-S1,Chennai Warehouse,South,Central,293,753.41,1187.95,Air,2,In Transit,2025-06-14,0,10,220749.13,313262.42,92513.29,89,59
ORD1239,2025-09-09,PRD-ELE-107,Bluetooth Speaker,Electronics,SUP002,Reliable Distributors,Mumbai,WH-N2,Jaipur Warehouse,North,South,15,2655.92,3055.12,Sea,10,Delivered,2025-09-19,0,0,39838.8,45826.8,5988.0,367,63
ORD1240,2025-04-01,PRD-APP-102,Cotton T-Shirt,Apparel,SUP002,Reliable Distributors,Mumbai,WH-N2,Jaipur Warehouse,North,South,401,599.06,830.8,Road,4,Delivered,2025-04-06,1,0,240223.06,333150.8,92927.74,300,70
ORD1241,2025-02-21,PRD-APP-141,Formal Shirt,Apparel,SUP002,Reliable Distributors,Mumbai,WH-W1,Mumbai Warehouse,West,West,410,3214.37,4401.24,Road,5,Delayed,2025-03-03,5,15,1317891.7,1533832.14,215940.44,89,95
ORD1242,2025-07-13,PRD-APP-188,Woolen Socks,Apparel,SUP003,Global Sourcing Co,Chennai,WH-W1,Mumbai Warehouse,West,South,378,58.9,86.34,Rail,10,Delivered,2025-07-23,0,0,22264.2,32636.52,10372.32,162,97
ORD1243,2025-04-24,PRD-PHA-163,Paracetamol Strip,Pharma,SUP002,Reliable Distributors,Mumbai,WH-S1,Chennai Warehouse,South,North,126,1766.71,2285.74,Rail,7,Delivered,2025-05-01,0,15,222605.46,244802.75,22197.29,228,62
ORD1244,2025-01-06,PRD-APP-131,Denim Jeans,Apparel,SUP006,EastWest Traders,Kolkata,WH-N1,Delhi Warehouse,North,East,136,3945.75,5816.77,Road,8,In Transit,2025-01-14,0,15,536622.0,672418.61,135796.61,85,73
ORD1245,2025-07-31,PRD-FUR-144,Bed Frame,Furniture,SUP005,Prime Vendors Pvt Ltd,Ahmedabad,WH-E1,Kolkata Warehouse,East,North,429,2423.47,3729.29,Rail,4,Delivered,2025-08-04,0,0,1039668.63,1599865.41,560196.78,37,77
ORD1246,2025-01-18,PRD-APP-140,Cotton T-Shirt,Apparel,SUP003,Global Sourcing Co,Chennai,WH-N1,Delhi Warehouse,North,North,180,892.02,1176.54,Air,1,Delivered,2025-01-19,0,0,160563.6,211777.2,51213.6,314,96
ORD1247,2025-09-05,PRD-ELE-183,Laptop Stand,Electronics,SUP002,Reliable Distributors,Mumbai,WH-N2,Jaipur Warehouse,North,West,85,315.1,409.31,Sea,10,Cancelled,,0,15,26783.5,0.0,-2678.35,369,90
ORD1248,2025-10-04,PRD-APP-136,Woolen Socks,Apparel,SUP003,Global Sourcing Co,Chennai,WH-W1,Mumbai Warehouse,West,North,30,1994.87,2787.53,Road,2,Delivered,2025-10-06,0,0,59846.1,83625.9,23779.8,218,20
ORD1249,2025-02-14,PRD-APP-180,Woolen Socks,Apparel,SUP005,Prime Vendors Pvt Ltd,Ahmedabad,WH-E1,Kolkata Warehouse,East,South,54,177.39,217.64,Road,4,Delivered,2025-02-19,1,5,9579.06,11164.93,1585.87,157,34
ORD1250,2025-07-23,PRD-FUR-184,Bed Frame,Furniture,SUP003,Global Sourcing Co,Chennai,WH-N1,Delhi Warehouse,North,Central,203,965.16,1494.52,Road,5,In Transit,2025-07-28,0,0,195927.48,303387.56,107460.08,225,53
ORD1251,2025-08-27,PRD-APP-134,Denim Jeans,Apparel,SUP005,Prime Vendors Pvt Ltd,Ahmedabad,WH-N1,Delhi Warehouse,North,South,390,3497.53,4174.36,Rail,4,Cancelled,,0,10,1364036.7,0.0,-136403.67,283,49
ORD1252,2025-02-01,PRD-FUR-153,Sofa Set,Furniture,SUP005,Prime Vendors Pvt Ltd,Ahmedabad,WH-E1,Kolkata Warehouse,East,Central,456,1216.43,1562.48,Road,2,Delivered,2025-02-03,0,10,554692.08,641241.79,86549.71,264,93
ORD1253,2025-10-20,PRD-PHA-115,Hand Sanitizer 500ml,Pharma,SUP004,Northline Supplies,Ludhiana,WH-W1,Mumbai Warehouse,West,South,113,4051.88,4889.74,Road,1,Cancelled,,0,0,457862.44,0.0,-45786.24,75,100
ORD1254,2025-05-13,PRD-APP-108,Woolen Socks,Apparel,SUP001,Sharma Traders,Delhi,WH-E1,Kolkata Warehouse,East,Central,208,2782.67,4272.74,Rail,9,Delivered,2025-05-23,1,15,578795.36,755420.43,176625.07,300,99
ORD1255,2025-09-25,PRD-FUR-153,Office Chair,Furniture,SUP002,Reliable Distributors,Mumbai,WH-W1,Mumbai Warehouse,West,Central,306,2934.25,4648.36,Road,3,Delivered,2025-09-28,0,10,897880.5,1280158.34,382277.84,146,32
ORD1256,2025-10-02,PRD-APP-133,Running Shoes,Apparel,SUP004,Northline Supplies,Ludhiana,WH-E1,Kolkata Warehouse,East,Central,316,2391.58,2935.64,Road,6,Cancelled,,0,0,755739.28,0.0,-75573.93,169,70
ORD1257,2025-05-02,PRD-ELE-134,Webcam,Electronics,SUP003,Global Sourcing Co,Chennai,WH-N1,Delhi Warehouse,North,East,423,3978.58,5132.08,Air,1,Delivered,2025-05-04,1,0,1682939.34,2170869.84,487930.5,153,37
ORD1258,2025-08-15,PRD-APP-193,Formal Shirt,Apparel,SUP004,Northline Supplies,Ludhiana,WH-N2,Jaipur Warehouse,North,North,101,2236.5,3491.28,Road,1,In Transit,2025-08-16,0,10,225886.5,317357.35,91470.85,28,67
ORD1259,2025-09-21,PRD-GRO-139,Basmati Rice 5kg,Grocery,SUP006,EastWest Traders,Kolkata,WH-N2,Jaipur Warehouse,North,West,74,3913.56,5423.92,Rail,4,Delivered,2025-09-25,0,0,289603.44,401370.08,111766.64,29,45
ORD1260,2025-05-08,PRD-ELE-106,Webcam,Electronics,SUP003,Global Sourcing Co,Chennai,WH-W1,Mumbai Warehouse,West,East,193,4126.36,5683.26,Rail,6,Delivered,2025-05-14,0,15,796387.48,932338.8,135951.32,123,23
ORD1261,2025-07-10,PRD-FUR-157,Sofa Set,Furniture,SUP002,Reliable Distributors,Mumbai,WH-E1,Kolkata Warehouse,East,Central,287,1781.31,2179.58,Sea,13,Delivered,2025-07-23,0,0,511235.97,625539.46,114303.49,197,23
ORD1262,2025-01-26,PRD-GRO-199,Sugar 1kg,Grocery,SUP002,Reliable Distributors,Mumbai,WH-W1,Mumbai Warehouse,West,South,351,1073.32,1549.03,Rail,5,Delivered,2025-01-31,0,5,376735.32,516524.05,139788.73,331,36
ORD1263,2025-03-30,PRD-PHA-128,Paracetamol Strip,Pharma,SUP003,Global Sourcing Co,Chennai,WH-N2,Jaipur Warehouse,North,East,369,4836.77,6961.24,Road,5,Cancelled,,0,0,1784768.13,0.0,-178476.81,129,78
ORD1264,2025-04-22,PRD-FUR-186,Bookshelf,Furniture,SUP005,Prime Vendors Pvt Ltd,Ahmedabad,WH-N2,Jaipur Warehouse,North,West,304,556.44,767.99,Rail,7,Delayed,2025-05-09,10,15,169157.76,198448.62,29290.86,311,96
ORD1265,2025-05-25,PRD-APP-113,Woolen Socks,Apparel,SUP004,Northline Supplies,Ludhiana,WH-N1,Delhi Warehouse,North,East,146,3220.94,4952.75,Road,1,Delayed,2025-05-31,5,0,470257.24,723101.5,252844.26,391,86
ORD1266,2025-05-04,PRD-ELE-184,Laptop Stand,Electronics,SUP003,Global Sourcing Co,Chennai,WH-W1,Mumbai Warehouse,West,North,340,2512.0,3222.95,Sea,8,Cancelled,,0,5,854080.0,0.0,-85408.0,298,24
ORD1267,2025-10-20,PRD-GRO-192,Wheat Flour 10kg,Grocery,SUP006,EastWest Traders,Kolkata,WH-W1,Mumbai Warehouse,West,Central,331,3935.24,6130.86,Rail,8,Delayed,2025-11-01,4,15,1302564.44,1724917.46,422353.02,92,91
ORD1268,2025-05-31,PRD-ELE-116,Webcam,Electronics,SUP006,EastWest Traders,Kolkata,WH-S1,Chennai Warehouse,South,Central,395,4567.49,7198.89,Sea,12,Delivered,2025-06-12,0,0,1804158.55,2843561.55,1039403.0,114,65
ORD1269,2025-06-07,PRD-FUR-147,Bookshelf,Furniture,SUP003,Global Sourcing Co,Chennai,WH-N2,Jaipur Warehouse,North,East,242,4263.51,5805.8,Sea,15,Delivered,2025-06-22,0,5,1031769.42,1334753.42,302984.0,256,44
ORD1270,2025-03-03,PRD-FUR-138,Sofa Set,Furniture,SUP004,Northline Supplies,Ludhiana,WH-N1,Delhi Warehouse,North,South,75,4962.12,6471.6,Sea,14,In Transit,2025-03-17,0,0,372159.0,485370.0,113211.0,366,60
ORD1271,2025-04-03,PRD-ELE-142,Webcam,Electronics,SUP006,EastWest Traders,Kolkata,WH-W1,Mumbai Warehouse,West,East,329,337.17,456.33,Road,4,Delivered,2025-04-09,2,10,110928.93,135119.31,24190.38,250,40
ORD1272,2025-02-15,PRD-GRO-155,Sugar 1kg,Grocery,SUP006,EastWest Traders,Kolkata,WH-E1,Kolkata Warehouse,East,West,224,4828.37,6385.48,Road,7,Delivered,2025-02-22,0,15,1081554.88,1215795.39,134240.51,7,67
ORD1273,2025-06-14,PRD-PHA-102,Hand Sanitizer 500ml,Pharma,SUP006,EastWest Traders,Kolkata,WH-N1,Delhi Warehouse,North,South,120,3482.95,4545.1,Road,5,Cancelled,,0,10,417954.0,0.0,-41795.4,156,95
ORD1274,2025-03-27,PRD-ELE-138,Wireless Mouse,Electronics,SUP003,Global Sourcing Co,Chennai,WH-E1,Kolkata Warehouse,East,Central,310,2644.38,3557.09,Rail,7,Delivered,2025-04-04,1,0,819757.8,1102697.9,282940.1,183,82
ORD1275,2025-04-07,PRD-GRO-102,Green Tea 100pk,Grocery,SUP002,Reliable Distributors,Mumbai,WH-W1,Mumbai Warehouse,West,South,113,3683.68,5213.74,Road,2,Delayed,2025-04-11,2,5,416255.84,559694.99,143439.15,394,52
ORD1276,2025-10-01,PRD-PHA-176,Paracetamol Strip,Pharma,SUP001,Sharma Traders,Delhi,WH-N1,Delhi Warehouse,North,North,29,3464.26,4633.62,Road,5,Delayed,2025-10-15,9,15,100463.54,114218.73,13755.19,105,39
ORD1277,2025-01-05,PRD-APP-184,Running Shoes,Apparel,SUP001,Sharma Traders,Delhi,WH-N2,Jaipur Warehouse,North,East,323,3047.89,3693.2,Air,4,Delivered,2025-01-09,0,10,984468.47,1073613.24,89144.77,60,99
ORD1278,2025-05-25,PRD-ELE-163,Bluetooth Speaker,Electronics,SUP002,Reliable Distributors,Mumbai,WH-N2,Jaipur Warehouse,North,South,403,1351.82,1872.83,Road,1,Cancelled,,0,0,544783.46,0.0,-54478.35,20,40
ORD1279,2025-10-08,PRD-FUR-188,Study Table,Furniture,SUP004,Northline Supplies,Ludhiana,WH-S1,Chennai Warehouse,South,South,6,113.11,134.61,Road,1,In Transit,2025-10-09,0,0,678.66,807.66,129.0,399,31
ORD1280,2025-09-19,PRD-ELE-132,Bluetooth Speaker,Electronics,SUP006,EastWest Traders,Kolkata,WH-W1,Mumbai Warehouse,West,West,156,1357.42,1591.62,Air,1,Delivered,2025-09-20,0,0,211757.52,248292.72,36535.2,346,66
ORD1281,2025-06-10,PRD-FUR-114,Wardrobe,Furniture,SUP001,Sharma Traders,Delhi,WH-N1,Delhi Warehouse,North,North,441,735.05,1059.38,Road,7,In Transit,2025-06-17,0,10,324157.05,420467.92,96310.87,375,54
ORD1282,2025-02-17,PRD-APP-123,Formal Shirt,Apparel,SUP001,Sharma Traders,Delhi,WH-E1,Kolkata Warehouse,East,West,497,2309.87,3525.02,Rail,6,In Transit,2025-02-23,0,5,1148005.39,1664338.19,516332.8,57,41
ORD1283,2025-03-09,PRD-ELE-113,LED Monitor,Electronics,SUP004,Northline Supplies,Ludhiana,WH-N2,Jaipur Warehouse,North,West,415,2866.27,3861.36,Rail,9,Delayed,2025-03-20,2,15,1189502.05,1362094.74,172592.69,247,36
ORD1284,2025-09-07,PRD-ELE-156,Laptop Stand,Electronics,SUP001,Sharma Traders,Delhi,WH-N1,Delhi Warehouse,North,East,340,1605.48,2355.33,Rail,3,Delivered,2025-09-10,0,15,545863.2,680690.37,134827.17,265,63
ORD1285,2025-09-25,PRD-PHA-155,Paracetamol Strip,Pharma,SUP006,EastWest Traders,Kolkata,WH-W1,Mumbai Warehouse,West,West,182,3335.37,4798.37,Road,3,Delivered,2025-09-28,0,0,607037.34,873303.34,266266.0,258,40
ORD1286,2025-08-29,PRD-FUR-109,Study Table,Furniture,SUP004,Northline Supplies,Ludhiana,WH-S1,Chennai Warehouse,South,South,174,4852.22,5689.99,Road,3,Cancelled,,0,5,844286.28,0.0,-84428.63,40,50
ORD1287,2025-08-24,PRD-FUR-157,Sofa Set,Furniture,SUP001,Sharma Traders,Delhi,WH-E1,Kolkata Warehouse,East,West,166,637.6,875.95,Rail,1,Delivered,2025-08-25,0,5,105841.6,138137.31,32295.71,18,72
ORD1288,2025-10-13,PRD-PHA-111,Paracetamol Strip,Pharma,SUP005,Prime Vendors Pvt Ltd,Ahmedabad,WH-N2,Jaipur Warehouse,North,East,460,2566.27,3190.09,Rail,3,Delayed,2025-10-23,7,0,1180484.2,1467441.4,286957.2,232,48
ORD1289,2025-06-19,PRD-PHA-176,Face Mask Box,Pharma,SUP004,Northline Supplies,Ludhiana,WH-S1,Chennai Warehouse,South,West,63,532.31,769.99,Road,5,Delayed,2025-06-30,6,10,33535.53,43658.43,10122.9,191,86
ORD1290,2025-02-24,PRD-ELE-163,LED Monitor,Electronics,SUP002,Reliable Distributors,Mumbai,WH-E1,Kolkata Warehouse,East,North,135,3073.72,3794.18,Sea,12,Cancelled,,0,0,414952.2,0.0,-41495.22,400,78
ORD1291,2025-04-08,PRD-APP-196,Cotton T-Shirt,Apparel,SUP004,Northline Supplies,Ludhiana,WH-N1,Delhi Warehouse,North,Central,68,3872.12,5237.92,Rail,4,Delivered,2025-04-12,0,5,263304.16,338369.63,75065.47,271,20
ORD1292,2025-01-25,PRD-PHA-174,First Aid Kit,Pharma,SUP004,Northline Supplies,Ludhiana,WH-N2,Jaipur Warehouse,North,South,359,2913.84,4308.76,Road,1,Cancelled,,0,15,1046068.56,0.0,-104606.86,310,96
ORD1293,2025-06-14,PRD-PHA-153,First Aid Kit,Pharma,SUP005,Prime Vendors Pvt Ltd,Ahmedabad,WH-W1,Mumbai Warehouse,West,East,208,4819.79,7647.66,Road,3,Delivered,2025-06-17,0,0,1002516.32,1590713.28,588196.96,308,72
ORD1294,2025-09-20,PRD-APP-170,Woolen Socks,Apparel,SUP003,Global Sourcing Co,Chennai,WH-N2,Jaipur Warehouse,North,South,107,1088.08,1601.08,Rail,4,Delivered,2025-09-24,0,15,116424.56,145618.23,29193.67,257,42
ORD1295,2025-10-05,PRD-APP-114,Woolen Socks,Apparel,SUP003,Global Sourcing Co,Chennai,WH-N2,Jaipur Warehouse,North,West,303,2874.66,4168.89,Road,2,Delayed,2025-10-15,8,0,871021.98,1263173.67,392151.69,54,86
ORD1296,2025-01-13,PRD-FUR-106,Study Table,Furniture,SUP006,EastWest Traders,Kolkata,WH-N1,Delhi Warehouse,North,South,141,3763.42,4600.48,Road,2,Delayed,2025-01-19,4,0,530642.22,648667.68,118025.46,104,57
ORD1297,2025-10-05,PRD-ELE-157,Smartwatch,Electronics,SUP001,Sharma Traders,Delhi,WH-N2,Jaipur Warehouse,North,Central,447,1160.32,1672.26,Road,3,Delayed,2025-10-10,2,5,518663.04,710125.21,191462.17,213,69
ORD1298,2025-06-10,PRD-PHA-101,Paracetamol Strip,Pharma,SUP006,EastWest Traders,Kolkata,WH-S1,Chennai Warehouse,South,South,322,4350.81,6688.07,Road,1,Delivered,2025-06-11,0,15,1400960.82,1830524.76,429563.94,386,67
ORD1299,2025-10-07,PRD-PHA-199,Hand Sanitizer 500ml,Pharma,SUP006,EastWest Traders,Kolkata,WH-W1,Mumbai Warehouse,West,East,234,928.26,1352.66,Road,1,Delivered,2025-10-09,1,15,217212.84,269044.07,51831.23,61,85
ORD1300,2025-07-13,PRD-ELE-135,Laptop Stand,Electronics,SUP005,Prime Vendors Pvt Ltd,Ahmedabad,WH-S1,Chennai Warehouse,South,South,87,2940.73,3719.31,Road,4,Delivered,2025-07-17,0,0,255843.51,323579.97,67736.46,165,39
ORD1301,2025-01-27,PRD-PHA-162,Vitamin C Tablets,Pharma,SUP005,Prime Vendors Pvt Ltd,Ahmedabad,WH-N2,Jaipur Warehouse,North,East,42,3930.96,5082.87,Road,4,Delivered,2025-01-31,0,10,165100.32,192132.49,27032.17,258,28
ORD1302,2025-03-23,PRD-FUR-168,Sofa Set,Furniture,SUP004,Northline Supplies,Ludhiana,WH-N1,Delhi Warehouse,North,East,118,4422.81,6406.44,Road,3,Delayed,2025-03-31,5,10,521891.58,680363.93,158472.35,243,87
ORD1303,2025-10-15,PRD-ELE-185,Bluetooth Speaker,Electronics,SUP003,Global Sourcing Co,Chennai,WH-E1,Kolkata Warehouse,East,South,468,3229.21,5048.46,Road,5,Delivered,2025-10-20,0,15,1511270.28,2008277.39,497007.11,195,61
ORD1304,2025-02-28,PRD-FUR-169,Bookshelf,Furniture,SUP006,EastWest Traders,Kolkata,WH-S1,Chennai Warehouse,South,North,471,2608.5,3904.2,Rail,4,In Transit,2025-03-04,0,5,1228603.5,1746934.29,518330.79,151,25
ORD1305,2025-04-09,PRD-APP-110,Winter Jacket,Apparel,SUP001,Sharma Traders,Delhi,WH-W1,Mumbai Warehouse,West,Central,278,86.29,101.78,Rail,4,Delivered,2025-04-13,0,15,23988.62,24050.61,61.99,53,74
ORD1306,2025-04-16,PRD-PHA-182,First Aid Kit,Pharma,SUP001,Sharma Traders,Delhi,WH-W1,Mumbai Warehouse,West,North,240,3598.5,4199.63,Road,1,Delivered,2025-04-17,0,0,863640.0,1007911.2,144271.2,36,91
ORD1307,2025-10-22,PRD-GRO-152,Wheat Flour 10kg,Grocery,SUP004,Northline Supplies,Ludhiana,WH-E1,Kolkata Warehouse,East,West,226,1616.2,2141.91,Road,6,Delivered,2025-10-29,1,15,365261.2,411460.91,46199.71,32,99
ORD1308,2025-10-27,PRD-ELE-145,Bluetooth Speaker,Electronics,SUP005,Prime Vendors Pvt Ltd,Ahmedabad,WH-N1,Delhi Warehouse,North,East,407,3445.1,4902.22,Road,3,In Transit,2025-10-30,0,5,1402155.7,1895443.36,493287.66,338,70
ORD1309,2025-01-16,PRD-FUR-168,Study Table,Furniture,SUP002,Reliable Distributors,Mumbai,WH-W1,Mumbai Warehouse,West,West,412,3997.55,5578.88,Sea,13,Delivered,2025-01-29,0,0,1646990.6,2298498.56,651507.96,5,67
ORD1310,2025-10-11,PRD-PHA-115,Hand Sanitizer 500ml,Pharma,SUP001,Sharma Traders,Delhi,WH-N1,Delhi Warehouse,North,Central,310,2000.7,2793.75,Road,10,Delivered,2025-10-22,1,15,620217.0,736153.12,115936.12,108,64
ORD1311,2025-07-31,PRD-PHA-120,Hand Sanitizer 500ml,Pharma,SUP002,Reliable Distributors,Mumbai,WH-W1,Mumbai Warehouse,West,Central,432,1301.07,1563.34,Rail,5,Delivered,2025-08-05,0,10,562062.24,607826.59,45764.35,330,79
ORD1312,2025-10-09,PRD-ELE-185,Power Bank,Electronics,SUP001,Sharma Traders,Delhi,WH-S1,Chennai Warehouse,South,North,106,3641.67,4986.3,Road,1,Delivered,2025-10-10,0,15,386017.02,449265.63,63248.61,51,50
ORD1313,2025-05-26,PRD-PHA-124,Paracetamol Strip,Pharma,SUP003,Global Sourcing Co,Chennai,WH-E1,Kolkata Warehouse,East,West,173,3100.9,3992.58,Rail,4,Delayed,2025-06-06,7,5,536455.7,656180.52,119724.82,2,41
ORD1314,2025-06-10,PRD-GRO-191,Sunflower Oil 1L,Grocery,SUP006,EastWest Traders,Kolkata,WH-E1,Kolkata Warehouse,East,East,435,1829.46,2663.35,Road,1,In Transit,2025-06-11,0,5,795815.1,1100629.39,304814.29,183,77
ORD1315,2025-06-06,PRD-FUR-113,Sofa Set,Furniture,SUP002,Reliable Distributors,Mumbai,WH-N2,Jaipur Warehouse,North,North,435,1439.05,2190.09,Sea,10,Delivered,2025-06-16,0,0,625986.75,952689.15,326702.4,39,100
ORD1316,2025-02-08,PRD-ELE-174,Wireless Mouse,Electronics,SUP005,Prime Vendors Pvt Ltd,Ahmedabad,WH-E1,Kolkata Warehouse,East,Central,113,4536.2,6342.59,Rail,9,In Transit,2025-02-17,0,15,512590.6,609205.77,96615.17,187,39
ORD1317,2025-07-20,PRD-GRO-193,Sugar 1kg,Grocery,SUP003,Global Sourcing Co,Chennai,WH-W1,Mumbai Warehouse,West,West,261,2576.54,3423.07,Rail,7,Delivered,2025-07-27,0,10,672476.94,804079.14,131602.2,387,41
ORD1318,2025-09-21,PRD-GRO-120,Green Tea 100pk,Grocery,SUP002,Reliable Distributors,Mumbai,WH-N2,Jaipur Warehouse,North,Central,342,4367.37,5309.8,Air,4,Delayed,2025-09-27,2,0,1493640.54,1815951.6,322311.06,118,82
ORD1319,2025-02-02,PRD-APP-129,Formal Shirt,Apparel,SUP001,Sharma Traders,Delhi,WH-W1,Mumbai Warehouse,West,Central,469,3967.73,5255.82,Sea,12,Delivered,2025-02-14,0,0,1860865.37,2464979.58,604114.21,52,61
ORD1320,2025-09-24,PRD-APP-133,Woolen Socks,Apparel,SUP005,Prime Vendors Pvt Ltd,Ahmedabad,WH-N2,Jaipur Warehouse,North,Central,94,1914.46,2527.73,Rail,9,Delivered,2025-10-03,0,10,179959.24,213845.96,33886.72,192,52
ORD1321,2025-04-25,PRD-PHA-145,First Aid Kit,Pharma,SUP003,Global Sourcing Co,Chennai,WH-E1,Kolkata Warehouse,East,West,459,3040.84,4183.67,Road,1,Delivered,2025-04-26,0,0,1395745.56,1920304.53,524558.97,263,29
ORD1322,2025-05-24,PRD-GRO-123,Sunflower Oil 1L,Grocery,SUP002,Reliable Distributors,Mumbai,WH-S1,Chennai Warehouse,South,Central,372,4093.93,5925.96,Road,2,Delayed,2025-05-29,3,5,1522941.96,2094234.26,571292.3,245,81
ORD1323,2025-04-18,PRD-PHA-182,Hand Sanitizer 500ml,Pharma,SUP004,Northline Supplies,Ludhiana,WH-N1,Delhi Warehouse,North,South,27,683.03,967.55,Road,1,Delivered,2025-04-19,0,10,18441.81,23511.46,5069.65,28,38
ORD1324,2025-03-27,PRD-APP-166,Denim Jeans,Apparel,SUP004,Northline Supplies,Ludhiana,WH-N2,Jaipur Warehouse,North,Central,331,142.17,209.53,Rail,9,Delayed,2025-04-08,3,0,47058.27,69354.43,22296.16,310,77
ORD1325,2025-08-30,PRD-FUR-128,Study Table,Furniture,SUP004,Northline Supplies,Ludhiana,WH-N2,Jaipur Warehouse,North,South,411,2934.1,4387.57,Rail,3,Delayed,2025-09-06,4,15,1205915.1,1532797.58,326882.48,232,63
ORD1326,2025-02-05,PRD-GRO-149,Green Tea 100pk,Grocery,SUP002,Reliable Distributors,Mumbai,WH-N1,Delhi Warehouse,North,North,108,2637.42,4112.27,Rail,7,Delivered,2025-02-12,0,10,284841.36,399712.64,114871.28,90,32
ORD1327,2025-09-01,PRD-PHA-104,Face Mask Box,Pharma,SUP005,Prime Vendors Pvt Ltd,Ahmedabad,WH-N2,Jaipur Warehouse,North,North,52,2437.09,2945.58,Rail,5,Delivered,2025-09-06,0,15,126728.68,130194.64,3465.96,267,75
ORD1328,2025-08-04,PRD-APP-189,Cotton T-Shirt,Apparel,SUP005,Prime Vendors Pvt Ltd,Ahmedabad,WH-E1,Kolkata Warehouse,East,South,485,4021.39,6053.4,Road,2,Delivered,2025-08-06,0,5,1950374.15,2789104.05,838729.9,130,37
ORD1329,2025-09-02,PRD-GRO-136,Basmati Rice 5kg,Grocery,SUP005,Prime Vendors Pvt Ltd,Ahmedabad,WH-N2,Jaipur Warehouse,North,West,136,985.65,1448.04,Air,1,Delivered,2025-09-03,0,10,134048.4,177240.1,43191.7,192,20
ORD1330,2025-04-16,PRD-APP-146,Running Shoes,Apparel,SUP001,Sharma Traders,Delhi,WH-W1,Mumbai Warehouse,West,West,338,2947.58,3736.31,Rail,5,Delayed,2025-04-27,6,15,996282.04,1073441.86,77159.82,386,70
ORD1331,2025-04-15,PRD-FUR-171,Sofa Set,Furniture,SUP004,Northline Supplies,Ludhiana,WH-W1,Mumbai Warehouse,West,East,291,2796.81,3535.73,Road,3,Delayed,2025-04-26,8,15,813871.71,874562.82,60691.11,337,37
ORD1332,2025-03-02,PRD-GRO-189,Green Tea 100pk,Grocery,SUP002,Reliable Distributors,Mumbai,WH-N1,Delhi Warehouse,North,South,265,2032.78,2647.28,Rail,4,Delivered,2025-03-06,0,0,538686.7,701529.2,162842.5,325,69
ORD1333,2025-01-03,PRD-ELE-160,LED Monitor,Electronics,SUP005,Prime Vendors Pvt Ltd,Ahmedabad,WH-E1,Kolkata Warehouse,East,North,37,1352.31,1780.82,Rail,7,Cancelled,,0,5,50035.47,0.0,-5003.55,335,98
ORD1334,2025-09-24,PRD-APP-176,Woolen Socks,Apparel,SUP001,Sharma Traders,Delhi,WH-W1,Mumbai Warehouse,West,West,229,103.02,157.9,Sea,13,Delayed,2025-10-12,5,0,23591.58,36159.1,12567.52,261,96
ORD1335,2025-09-22,PRD-GRO-121,Sugar 1kg,Grocery,SUP006,EastWest Traders,Kolkata,WH-N1,Delhi Warehouse,North,East,127,3292.34,5231.66,Road,2,Delayed,2025-10-02,8,0,418127.18,664420.82,246293.64,207,70
ORD1336,2025-10-28,PRD-GRO-101,Sugar 1kg,Grocery,SUP006,EastWest Traders,Kolkata,WH-N1,Delhi Warehouse,North,North,286,1458.24,2221.47,Sea,12,Delayed,2025-11-16,7,0,417056.64,635340.42,218283.78,310,48
ORD1337,2025-04-10,PRD-FUR-173,Bed Frame,Furniture,SUP001,Sharma Traders,Delhi,WH-S1,Chennai Warehouse,South,South,213,2555.88,3581.77,Rail,7,Delayed,2025-04-20,3,10,544402.44,686625.31,142222.87,275,52
ORD1338,2025-10-22,PRD-APP-156,Woolen Socks,Apparel,SUP004,Northline Supplies,Ludhiana,WH-N2,Jaipur Warehouse,North,West,399,1254.2,1634.03,Air,1,In Transit,2025-10-23,0,10,500425.8,586780.17,86354.37,246,23
ORD1339,2025-03-01,PRD-APP-148,Cotton T-Shirt,Apparel,SUP006,EastWest Traders,Kolkata,WH-W1,Mumbai Warehouse,West,South,414,1612.87,2548.25,Rail,7,Delivered,2025-03-08,0,15,667728.18,896729.17,229000.99,127,53
ORD1340,2025-05-28,PRD-ELE-186,Laptop Stand,Electronics,SUP006,EastWest Traders,Kolkata,WH-S1,Chennai Warehouse,South,North,288,4660.41,6358.9,Road,5,Delayed,2025-06-06,4,15,1342198.08,1556658.72,214460.64,255,44
ORD1341,2025-04-13,PRD-GRO-130,Salt 1kg,Grocery,SUP003,Global Sourcing Co,Chennai,WH-W1,Mumbai Warehouse,West,South,108,4182.96,6384.66,Road,2,Delivered,2025-04-15,0,0,451759.68,689543.28,237783.6,346,30
ORD1342,2025-09-10,PRD-PHA-197,Paracetamol Strip,Pharma,SUP005,Prime Vendors Pvt Ltd,Ahmedabad,WH-N1,Delhi Warehouse,North,West,195,3122.3,4282.4,Sea,8,Delayed,2025-09-27,9,0,608848.5,835068.0,226219.5,143,85
ORD1343,2025-07-23,PRD-GRO-116,Sugar 1kg,Grocery,SUP001,Sharma Traders,Delhi,WH-N2,Jaipur Warehouse,North,West,249,4701.29,5475.37,Road,4,Delivered,2025-07-27,0,5,1170621.21,1295198.77,124577.56,357,35
ORD1344,2025-09-23,PRD-FUR-188,Bookshelf,Furniture,SUP001,Sharma Traders,Delhi,WH-N1,Delhi Warehouse,North,South,199,2925.99,3793.39,Rail,4,Delayed,2025-10-01,4,10,582272.01,679396.15,97124.14,121,53
ORD1345,2025-05-18,PRD-FUR-143,Sofa Set,Furniture,SUP003,Global Sourcing Co,Chennai,WH-W1,Mumbai Warehouse,West,West,222,1092.14,1600.34,Road,5,Cancelled,,0,0,242455.08,0.0,-24245.51,92,77
ORD1346,2025-10-20,PRD-GRO-187,Sugar 1kg,Grocery,SUP002,Reliable Distributors,Mumbai,WH-N1,Delhi Warehouse,North,East,416,1217.24,1636.58,Road,1,Delivered,2025-10-21,0,15,506371.84,578694.69,72322.85,242,39
ORD1347,2025-01-05,PRD-GRO-163,Green Tea 100pk,Grocery,SUP002,Reliable Distributors,Mumbai,WH-N2,Jaipur Warehouse,North,Central,373,1612.85,2207.96,Road,1,Delivered,2025-01-06,0,5,601593.05,782390.63,180797.58,353,32
ORD1348,2025-03-25,PRD-ELE-132,USB-C Cable,Electronics,SUP004,Northline Supplies,Ludhiana,WH-N1,Delhi Warehouse,North,West,386,1706.55,2239.73,Rail,6,Delayed,2025-04-07,7,0,658728.3,864535.78,205807.48,62,72
ORD1349,2025-06-29,PRD-PHA-173,Hand Sanitizer 500ml,Pharma,SUP005,Prime Vendors Pvt Ltd,Ahmedabad,WH-N2,Jaipur Warehouse,North,South,404,1458.81,1891.04,Rail,4,In Transit,2025-07-03,0,0,589359.24,763980.16,174620.92,314,68
ORD1350,2025-05-27,PRD-FUR-118,Wardrobe,Furniture,SUP002,Reliable Distributors,Mumbai,WH-S1,Chennai Warehouse,South,West,328,3080.94,4104.27,Sea,11,Delivered,2025-06-08,1,0,1010548.32,1346200.56,335652.24,116,63
ORD1351,2025-06-10,PRD-APP-137,Woolen Socks,Apparel,SUP006,EastWest Traders,Kolkata,WH-S1,Chennai Warehouse,South,Central,335,2007.5,3110.54,Air,1,Delayed,2025-06-21,10,5,672512.5,989929.36,317416.86,85,72
ORD1352,2025-04-05,PRD-ELE-193,LED Monitor,Electronics,SUP002,Reliable Distributors,Mumbai,WH-S1,Chennai Warehouse,South,North,112,876.21,1048.26,Road,5,In Transit,2025-04-10,0,10,98135.52,105664.61,7529.09,13,26
ORD1353,2025-07-23,PRD-PHA-113,Paracetamol Strip,Pharma,SUP003,Global Sourcing Co,Chennai,WH-N2,Jaipur Warehouse,North,South,48,3291.42,5096.64,Road,1,Delivered,2025-07-24,0,15,157988.16,207942.91,49954.75,226,56
ORD1354,2025-03-06,PRD-GRO-121,Sugar 1kg,Grocery,SUP001,Sharma Traders,Delhi,WH-N1,Delhi Warehouse,North,East,445,4580.6,7049.12,Road,6,Delayed,2025-03-22,10,5,2038367.0,2980015.48,941648.48,357,37
ORD1355,2025-10-04,PRD-GRO-176,Sugar 1kg,Grocery,SUP004,Northline Supplies,Ludhiana,WH-N2,Jaipur Warehouse,North,West,273,3216.94,4472.2,Sea,7,In Transit,2025-10-11,0,10,878224.62,1098819.54,220594.92,45,49
ORD1356,2025-08-15,PRD-APP-152,Formal Shirt,Apparel,SUP003,Global Sourcing Co,Chennai,WH-W1,Mumbai Warehouse,West,East,10,50.46,76.54,Air,1,Delayed,2025-08-22,6,5,504.6,727.13,222.53,4,88
ORD1357,2025-09-09,PRD-FUR-101,Bookshelf,Furniture,SUP004,Northline Supplies,Ludhiana,WH-S1,Chennai Warehouse,South,Central,123,3994.0,5578.4,Road,5,Cancelled,,0,5,491262.0,0.0,-49126.2,83,51
ORD1358,2025-07-19,PRD-FUR-133,Study Table,Furniture,SUP001,Sharma Traders,Delhi,WH-E1,Kolkata Warehouse,East,South,269,3834.46,5979.76,Air,1,Delayed,2025-07-26,6,15,1031469.74,1367272.12,335802.38,137,88
ORD1359,2025-07-31,PRD-GRO-123,Basmati Rice 5kg,Grocery,SUP002,Reliable Distributors,Mumbai,WH-S1,Chennai Warehouse,South,North,331,2303.95,3118.96,Air,2,In Transit,2025-08-02,0,0,762607.45,1032375.76,269768.31,9,61
ORD1360,2025-03-19,PRD-ELE-123,Wireless Mouse,Electronics,SUP001,Sharma Traders,Delhi,WH-S1,Chennai Warehouse,South,East,69,3590.22,5303.47,Road,2,Delivered,2025-03-21,0,0,247725.18,365939.43,118214.25,111,83
ORD1361,2025-06-25,PRD-FUR-163,Bookshelf,Furniture,SUP003,Global Sourcing Co,Chennai,WH-E1,Kolkata Warehouse,East,North,174,447.1,665.18,Road,3,Delayed,2025-07-06,8,0,77795.4,115741.32,37945.92,240,89
ORD1362,2025-04-03,PRD-GRO-148,Wheat Flour 10kg,Grocery,SUP001,Sharma Traders,Delhi,WH-N1,Delhi Warehouse,North,South,202,3867.57,5218.64,Air,4,Delivered,2025-04-07,0,0,781249.14,1054165.28,272916.14,376,78
ORD1363,2025-02-18,PRD-PHA-160,Hand Sanitizer 500ml,Pharma,SUP004,Northline Supplies,Ludhiana,WH-S1,Chennai Warehouse,South,East,86,3164.36,3699.09,Sea,12,Delivered,2025-03-02,0,0,272134.96,318121.74,45986.78,326,81
ORD1364,2025-06-02,PRD-GRO-106,Wheat Flour 10kg,Grocery,SUP006,EastWest Traders,Kolkata,WH-W1,Mumbai Warehouse,West,North,125,3182.9,4125.14,Road,3,Delayed,2025-06-08,3,5,397862.5,489860.38,91997.88,4,51
ORD1365,2025-01-22,PRD-PHA-188,First Aid Kit,Pharma,SUP005,Prime Vendors Pvt Ltd,Ahmedabad,WH-W1,Mumbai Warehouse,West,East,399,492.93,601.85,Road,3,Delayed,2025-01-27,2,0,196679.07,240138.15,43459.08,330,65
ORD1366,2025-03-20,PRD-PHA-116,Paracetamol Strip,Pharma,SUP004,Northline Supplies,Ludhiana,WH-W1,Mumbai Warehouse,West,East,290,3953.38,5892.57,Air,2,In Transit,2025-03-22,0,15,1146480.2,1452518.5,306038.3,10,44
ORD1367,2025-07-13,PRD-APP-117,Woolen Socks,Apparel,SUP003,Global Sourcing Co,Chennai,WH-N1,Delhi Warehouse,North,West,366,2215.63,2841.81,Rail,5,Delivered,2025-07-18,0,10,810920.58,936092.21,125171.63,278,43
ORD1368,2025-06-28,PRD-APP-159,Woolen Socks,Apparel,SUP003,Global Sourcing Co,Chennai,WH-N2,Jaipur Warehouse,North,Central,87,390.94,476.85,Road,8,Delayed,2025-07-16,10,0,34011.78,41485.95,7474.17,0,78
ORD1369,2025-09-17,PRD-FUR-123,Wardrobe,Furniture,SUP001,Sharma Traders,Delhi,WH-N2,Jaipur Warehouse,North,East,402,3119.98,4038.23,Road,5,Cancelled,,0,0,1254231.96,0.0,-125423.2,349,87
ORD1370,2025-09-12,PRD-PHA-178,Hand Sanitizer 500ml,Pharma,SUP003,Global Sourcing Co,Chennai,WH-S1,Chennai Warehouse,South,West,333,1644.02,1961.83,Rail,5,Delivered,2025-09-18,1,0,547458.66,653289.39,105830.73,16,42
ORD1371,2025-04-14,PRD-ELE-124,Webcam,Electronics,SUP001,Sharma Traders,Delhi,WH-N1,Delhi Warehouse,North,Central,333,4189.68,6058.55,Rail,5,Delayed,2025-04-21,2,0,1395163.44,2017497.15,622333.71,310,48
ORD1372,2025-02-06,PRD-ELE-183,USB-C Cable,Electronics,SUP004,Northline Supplies,Ludhiana,WH-N1,Delhi Warehouse,North,West,415,3212.64,4216.32,Air,1,Cancelled,,0,0,1333245.6,0.0,-133324.56,315,27
ORD1373,2025-05-17,PRD-PHA-193,Paracetamol Strip,Pharma,SUP001,Sharma Traders,Delhi,WH-S1,Chennai Warehouse,South,North,488,1118.71,1548.04,Road,1,Delivered,2025-05-18,0,10,545930.48,679899.17,133968.69,97,69
ORD1374,2025-04-09,PRD-PHA-172,Hand Sanitizer 500ml,Pharma,SUP006,EastWest Traders,Kolkata,WH-W1,Mumbai Warehouse,West,Central,388,2812.8,4179.11,Air,1,Delayed,2025-04-19,9,15,1091366.4,1378270.48,286904.08,53,74
ORD1375,2025-03-27,PRD-GRO-151,Sugar 1kg,Grocery,SUP005,Prime Vendors Pvt Ltd,Ahmedabad,WH-S1,Chennai Warehouse,South,South,278,4992.25,6736.32,Road,4,Delayed,2025-04-10,10,0,1387845.5,1872696.96,484851.46,211,67
ORD1376,2025-08-09,PRD-APP-130,Winter Jacket,Apparel,SUP005,Prime Vendors Pvt Ltd,Ahmedabad,WH-N2,Jaipur Warehouse,North,South,197,3840.26,6016.79,Road,7,In Transit,2025-08-16,0,5,756531.22,1126042.25,369511.03,0,70
ORD1377,2025-01-18,PRD-APP-102,Winter Jacket,Apparel,SUP005,Prime Vendors Pvt Ltd,Ahmedabad,WH-W1,Mumbai Warehouse,West,East,8,1536.65,1920.58,Sea,12,Delivered,2025-01-30,0,15,12293.2,13059.94,766.74,283,55
ORD1378,2025-09-19,PRD-PHA-173,Face Mask Box,Pharma,SUP002,Reliable Distributors,Mumbai,WH-N1,Delhi Warehouse,North,North,240,1810.5,2194.84,Road,5,Delivered,2025-09-24,0,0,434520.0,526761.6,92241.6,153,52
ORD1379,2025-02-17,PRD-PHA-172,First Aid Kit,Pharma,SUP002,Reliable Distributors,Mumbai,WH-N1,Delhi Warehouse,North,East,410,2438.54,3340.13,Sea,12,Delivered,2025-03-01,0,10,999801.4,1232507.97,232706.57,19,58
ORD1380,2025-10-23,PRD-FUR-199,Office Chair,Furniture,SUP001,Sharma Traders,Delhi,WH-S1,Chennai Warehouse,South,East,455,4094.85,5476.59,Sea,9,Delivered,2025-11-02,1,15,1863156.75,2118071.18,254914.43,5,97
ORD1381,2025-07-15,PRD-ELE-167,Power Bank,Electronics,SUP001,Sharma Traders,Delhi,WH-S1,Chennai Warehouse,South,Central,294,790.42,1087.68,Road,4,Delivered,2025-07-19,0,15,232383.48,271811.23,39427.75,228,70
ORD1382,2025-10-22,PRD-PHA-128,Paracetamol Strip,Pharma,SUP004,Northline Supplies,Ludhiana,WH-S1,Chennai Warehouse,South,West,80,704.34,836.15,Rail,7,Delivered,2025-10-31,2,10,56347.2,60202.8,3855.6,134,71
ORD1383,2025-02-13,PRD-FUR-155,Sofa Set,Furniture,SUP006,EastWest Traders,Kolkata,WH-W1,Mumbai Warehouse,West,South,251,2818.52,3860.07,Rail,6,Delivered,2025-02-19,0,10,707448.52,871989.81,164541.29,376,98
ORD1384,2025-09-26,PRD-GRO-109,Sunflower Oil 1L,Grocery,SUP003,Global Sourcing Co,Chennai,WH-E1,Kolkata Warehouse,East,East,355,4624.48,5504.6,Rail,5,Cancelled,,0,0,1641690.4,0.0,-164169.04,97,64
ORD1385,2025-06-14,PRD-APP-183,Winter Jacket,Apparel,SUP001,Sharma Traders,Delhi,WH-S1,Chennai Warehouse,South,South,184,3100.29,4946.73,Road,2,Delivered,2025-06-16,0,5,570453.36,864688.4,294235.04,119,25
ORD1386,2025-04-13,PRD-APP-196,Denim Jeans,Apparel,SUP006,EastWest Traders,Kolkata,WH-N1,Delhi Warehouse,North,North,383,319.96,504.58,Sea,10,Delayed,2025-04-25,2,0,122544.68,193254.14,70709.46,156,34
ORD1387,2025-08-19,PRD-FUR-142,Office Chair,Furniture,SUP002,Reliable Distributors,Mumbai,WH-N2,Jaipur Warehouse,North,South,109,2754.8,4098.21,Rail,6,Delivered,2025-08-25,0,15,300273.2,379699.16,79425.96,192,22
ORD1388,2025-10-26,PRD-PHA-132,Paracetamol Strip,Pharma,SUP002,Reliable Distributors,Mumbai,WH-N1,Delhi Warehouse,North,East,107,3956.48,5650.19,Road,4,Delivered,2025-10-30,0,0,423343.36,604570.33,181226.97,338,69
ORD1389,2025-05-19,PRD-APP-102,Cotton T-Shirt,Apparel,SUP003,Global Sourcing Co,Chennai,WH-E1,Kolkata Warehouse,East,South,199,2567.27,3772.24,Sea,14,In Transit,2025-06-02,0,10,510886.73,675608.18,164721.45,45,88
ORD1390,2025-04-06,PRD-GRO-158,Sugar 1kg,Grocery,SUP005,Prime Vendors Pvt Ltd,Ahmedabad,WH-N1,Delhi Warehouse,North,North,131,4615.24,5940.82,Road,2,Delivered,2025-04-08,0,0,604596.44,778247.42,173650.98,350,64
ORD1391,2025-06-30,PRD-APP-138,Woolen Socks,Apparel,SUP002,Reliable Distributors,Mumbai,WH-N2,Jaipur Warehouse,North,East,420,356.95,451.88,Road,2,Delivered,2025-07-02,0,10,149919.0,170810.64,20891.64,115,55
ORD1392,2025-03-19,PRD-APP-184,Running Shoes,Apparel,SUP002,Reliable Distributors,Mumbai,WH-N1,Delhi Warehouse,North,West,271,4805.0,6850.02,Rail,6,Delivered,2025-03-25,0,5,1302155.0,1763537.65,461382.65,293,50
ORD1393,2025-03-20,PRD-FUR-177,Bookshelf,Furniture,SUP003,Global Sourcing Co,Chennai,WH-E1,Kolkata Warehouse,East,Central,72,1073.45,1301.41,Rail,4,Delivered,2025-03-24,0,0,77288.4,93701.52,16413.12,352,59
ORD1394,2025-09-26,PRD-GRO-198,Green Tea 100pk,Grocery,SUP002,Reliable Distributors,Mumbai,WH-N2,Jaipur Warehouse,North,South,167,385.68,536.03,Air,4,Delivered,2025-09-30,0,0,64408.56,89517.01,25108.45,372,38
ORD1395,2025-01-16,PRD-APP-152,Running Shoes,Apparel,SUP003,Global Sourcing Co,Chennai,WH-E1,Kolkata Warehouse,East,East,82,3906.58,4680.27,Road,7,Delayed,2025-01-28,5,10,320339.56,345403.93,25064.37,118,49
ORD1396,2025-01-14,PRD-APP-188,Cotton T-Shirt,Apparel,SUP004,Northline Supplies,Ludhiana,WH-W1,Mumbai Warehouse,West,Central,438,3043.32,4474.92,Road,2,Cancelled,,0,5,1332974.16,0.0,-133297.42,70,80
ORD1397,2025-03-25,PRD-GRO-104,Sunflower Oil 1L,Grocery,SUP004,Northline Supplies,Ludhiana,WH-N1,Delhi Warehouse,North,East,491,2094.57,3108.48,Sea,9,Delivered,2025-04-03,0,0,1028433.87,1526263.68,497829.81,224,42
ORD1398,2025-09-08,PRD-APP-131,Running Shoes,Apparel,SUP004,Northline Supplies,Ludhiana,WH-E1,Kolkata Warehouse,East,North,316,3689.89,4874.97,Road,6,Delivered,2025-09-14,0,10,1166005.24,1386441.47,220436.23,231,33
ORD1399,2025-08-22,PRD-ELE-166,USB-C Cable,Electronics,SUP005,Prime Vendors Pvt Ltd,Ahmedabad,WH-E1,Kolkata Warehouse,East,North,290,1967.62,2940.26,Sea,11,Delivered,2025-09-02,0,0,570609.8,852675.4,282065.6,203,76
ORD1400,2025-06-05,PRD-APP-121,Running Shoes,Apparel,SUP004,Northline Supplies,Ludhiana,WH-S1,Chennai Warehouse,South,Central,475,320.01,442.46,Road,1,In Transit,2025-06-06,0,0,152004.75,210168.5,58163.75,57,84
